full_name,dob,player_user_id,team_abbrev,POS,height,weightA. J. Achter,8/27/88,NULL,MIN,P,77,205A. J. Burnett,1/3/77,NULL,PHI,P,76,225A. J. Ellis,4/9/81,NULL,LAD,C,75,220A. J. Pierzynski,12/30/76,NULL,BOS,C,75,235A. J. Pollock,12/5/87,NULL,ARI,CF,73,195A. J. Ramos,9/20/86,NULL,MIA,P,70,205Aaron Altherr,1/14/91,@AAltherr,PHI,LF,77,220Aaron Barrett,1/2/88,@aaronbarrett30,WAS,P,75,225Aaron Brooks,4/27/90,@aaronbrooksKCR,KC,P,76,220Aaron Crow,11/10/86,@acrow43,KC,P,75,195Aaron Harang,5/9/78,NULL,ATL,P,79,260Aaron Hicks,10/2/89,@AaronHicks31,MIN,CF,74,190Aaron Hill,3/21/82,NULL,ARI,2B,71,205Aaron Loup,12/19/87,NULL,TOR,P,71,205Aaron Poreda,10/1/86,NULL,TEX,P,78,240Aaron Sanchez,7/1/92,@A_Sanch41,TOR,P,76,200Aaron Thompson,2/28/87,NULL,MIN,P,75,195Abraham Almonte,6/27/89,NULL,SEA,CF,69,205Adam Dunn,11/9/79,@adamdunn_44,CHW,1B,78,285Adam Duvall,9/4/88,@aduvall123,SF,1B,73,205Adam Eaton,12/6/88,@AdamSpankyEaton,CHW,CF,68,185Adam Jones,8/1/85,@SimplyAJ10,BAL,CF,75,225Adam LaRoche,11/6/79,@e3laroche,WAS,1B,75,205Adam Lind,7/17/83,NULL,TOR,1B,74,195Adam Moore,5/8/84,NULL,SD,C,75,220Adam Ottavino,11/22/85,@AdamOttavino,COL,P,77,230Adam Rosales,5/20/83,@arosie7,TEX,1B,73,195Adam Wainwright,8/30/81,@UncleCharlie50,STL,P,79,235Adam Warren,8/25/87,NULL,NYY,P,73,200Addison Reed,12/27/88,@Areed43,ARI,P,76,220Adeiny Hechavarria,4/15/89,NULL,MIA,SS,71,185Adrian Beltre,4/7/79,NULL,TEX,3B,71,220Adrian Gonzalez,5/8/82,@AdrianTitan23,LAD,1B,74,225Adrian Nieto,11/12/89,@NietoJr17,CHW,C,72,200Al Alburquerque,6/10/86,NULL,DET,P,72,195Albert Pujols,1/16/80,@PujolsFive,LAA,1B,75,230Alberto Callaspo,4/19/83,NULL,OAK,1B,69,225Alcides Escobar,12/16/86,@alcidesescobar2,KC,SS,73,185Alejandro De Aza,4/11/84,NULL,CHW,CF,72,195Alex Avila,1/29/87,@drummer4jah,DET,1B,71,210Alex Claudio,1/31/92,NULL,TEX,P,75,160Alex Cobb,10/7/87,@Acobb53,TB,P,75,200Alex Colome,12/31/88,@AlexanderColome,TB,P,74,210Alex Gonzalez,2/15/77,NULL,DET,3B,73,210Alex Gordon,2/10/84,NULL,KC,LF,73,220Alex Guerrero,11/20/86,NULL,LAD,LF,70,205Alex Hassan,4/1/88,@AlexHassan27,BOS,OF,75,220Alex Presley,7/25/85,NULL,HOU,CF,70,190Alex Rios,2/18/81,@arios51,TEX,OF,77,210Alex Torres,12/8/87,@Alex21Torres,SD,P,70,175Alex Wilson,11/3/86,@WillyWilson18,BOS,P,72,215Alex Wood,1/12/91,@Awood45,ATL,P,76,215Alexei Ramirez,9/22/81,@ImTheRealAlexei,CHW,SS,74,180Alexi Amarista,4/6/89,@AlexiAmarista,SD,2B,66,150Alexi Casilla,7/20/84,NULL,BAL,2B,69,170Alexi Ogando,10/5/83,@OgandoAlexi,TEX,P,76,200Alfonso Soriano,1/7/76,NULL,NYY,LF,73,195Alfredo Aceves,12/8/82,NULL,NYY,P,74,205Alfredo Figaro,7/7/84,@Guden45,MIL,P,72,190Alfredo Marte,3/31/89,@MarteAlfredo,ARI,LF,71,195Alfredo Simon,5/8/81,NULL,CIN,P,78,265Ali Solis,9/29/87,@aSoLis44,TB,C,72,175Allen Craig,7/18/84,NULL,STL,1B,74,215Allen Webster,2/10/90,@11webster11,BOS,P,74,190Andre Ethier,4/10/82,NULL,LAD,1B,74,200Andre Rienzo,7/5/88,@andre_rienzo,CHW,P,75,190Andrelton Simmons,9/4/89,@Andrelton,ATL,SS,74,195Andres Blanco,4/11/84,NULL,PHI,2B,70,190Andrew Brown,9/10/84,@ambrownie03,NYM,LF,72,200Andrew Cashner,9/11/86,@a_cash34,SD,LF,78,220Andrew Chafin,6/17/90,@BigCountry1739,ARI,P,74,220Andrew Heaney,6/5/91,@Heandog8,MIA,P,74,185Andrew Lambo,8/11/88,@lambezzy35,PIT,1B,75,225Andrew McCutchen,10/10/86,@TheCUTCH22,PIT,CF,70,190Andrew Miller,5/21/85,NULL,BOS,P,79,210Andrew Romine,12/24/85,NULL,DET,2B,73,200Andrew Susac,3/22/90,@andrewsusac,SF,C,73,215Andy Marte,10/21/83,NULL,ARI,3B,73,205Andy Parrino,10/31/85,@ParrinoAndy,OAK,2B,72,190Andy Wilkins,9/13/88,NULL,CHW,1B,73,220Angel Pagan,7/2/81,NULL,SF,CF,74,200Anibal Sanchez,2/27/84,@AnibalSanchez19,DET,P,72,205Anthony Bass,11/1/87,@AnthonyBass45,HOU,P,74,200Anthony DeSclafani,4/18/90,@ADeSclafani,MIA,P,73,190Anthony Gose,8/10/90,@CatchmeifuGose,TOR,CF,73,190Anthony Ranaudo,9/9/89,@anthony_ranaudo,BOS,P,79,230Anthony Recker,8/29/83,@Anthony_Recker,NYM,C,74,240Anthony Rendon,6/6/90,NULL,WAS,2B,73,200Anthony Rizzo,8/8/89,@ARizzo44,CHC,1B,75,240Anthony Swarzak,9/10/85,@ASwarzak51,MIN,P,76,210Anthony Varvaro,10/31/84,NULL,ATL,P,72,190Antoan Richardson,10/8/83,@ARichardson242,NYY,CF,68,165Antonio Bastardo,9/21/85,NULL,PHI,P,71,200Aramis Ramirez,6/25/78,NULL,MIL,3B,73,205Arismendy Alcantara,10/29/91,@arismendy0529,CHC,2B,70,170Arodys Vizcaino,11/13/90,NULL,CHC,P,72,190Aroldis Chapman,2/28/88,@AAroldisChapman,CIN,P,76,205Arquimedes Caminero,6/16/87,NULL,MIA,P,76,250Asdrubal Cabrera,11/13/85,NULL,CLE,SS,72,205Austin Adams,8/19/86,@AustinAdams49,CLE,P,71,190Austin Jackson,2/1/87,NULL,DET,CF,73,185Austin Romine,11/22/88,@RORO1671,NYY,1B,72,215Avisail Garcia,6/12/91,@AvisailGarcia,CHW,OF,76,240B. J. Rosenberg,9/17/85,NULL,PHI,P,75,220B. J. Upton,8/21/84,NULL,ATL,CF,75,185Bartolo Colon,5/24/73,NULL,NYM,P,71,285Ben Paulsen,10/27/87,@Benjaminpaulsen,COL,1B,76,205Ben Revere,5/3/88,@BenRevere9,PHI,CF,69,165Ben Rowen,11/15/88,@B_Rowen,TEX,P,76,190Ben Zobrist,5/26/81,@TheZobrists,TB,2B,75,210Billy Buckner,8/27/83,@NotthatBB,SD,P,74,205Billy Burns,8/30/89,@BillyBurns45,OAK,OF,69,180Billy Butler,4/18/86,@BillyButlerOAK,KC,1B,73,240Billy Hamilton,9/9/90,@BillyHamilton,CIN,CF,72,160Blaine Boyer,7/11/81,@btboyer81,SD,P,75,225Blaine Hardy,3/14/87,@blainehardy65,DET,P,74,230Blake Beavan,1/17/89,NULL,SEA,P,79,245Blake Parker,6/19/85,@BlaekParker,CHC,P,75,225Blake Treinen,6/30/88,NULL,WAS,P,77,215Blake Wood,8/8/85,@blakeleywood,CLE,P,77,240Bo Schultz,9/25/85,@SchultzBo,ARI,P,75,220Bobby Abreu,3/11/74,@BobKellyAbreu,NYM,LF,72,220Bobby Korecky,9/16/79,NULL,TOR,P,71,185Bobby LaFromboise,6/25/86,NULL,PIT,P,76,215Bobby Parnell,9/8/84,NULL,NYM,P,75,205Bobby Wilson,4/8/83,@BW46,ARI,C,72,220Boone Logan,8/13/84,NULL,COL,P,77,215Brad Boxberger,5/27/88,@Brad_Boxberger,TB,P,74,220Brad Brach,4/12/86,@BradBrach35,BAL,P,78,215Brad Glenn,4/2/87,@bombs_punchies,TOR,OF,74,220Brad Hand,3/20/90,@bhand22,MIA,P,75,220Brad Lincoln,5/25/85,NULL,PHI,P,72,225Brad Miller,10/18/89,NULL,SEA,2B,74,200Brad Mills,3/5/85,NULL,OAK,P,72,185Brad Peacock,2/2/88,NULL,HOU,P,73,210Brad Penny,5/24/78,@BradPenny,MIA,P,76,230Brad Snyder,5/25/82,NULL,TEX,1B,75,220Brad Ziegler,10/10/79,@bradziegler,ARI,P,76,210Bradin Hagens,5/12/89,@Bradin_Hagens16,ARI,P,75,210Brandon Barnes,5/15/86,@TheBarnyard15,COL,CF,74,210Brandon Belt,4/20/88,@bbelt9,SF,1B,77,220Brandon Crawford,1/21/87,@bcraw35,SF,SS,74,215Brandon Cumpton,11/16/88,@BCumpton28,PIT,P,74,220Brandon Finnegan,4/14/93,@bfinny29,KC,P,71,185Brandon Gomes,7/15/84,NULL,TB,P,71,195Brandon Guyer,1/28/86,@BrandonGuyer,TB,CF,74,195Brandon Hicks,9/14/85,NULL,SF,1B,74,215Brandon Kintzler,8/1/84,NULL,MIL,P,70,190Brandon League,3/16/83,@BrandonLeague43,LAD,P,74,215Brandon Maurer,7/3/90,@maurerbrand,SEA,P,77,220Brandon McCarthy,7/7/83,@BMcCarthy32,ARI,P,79,200Brandon Morrow,7/26/84,@2Morrow23,TOR,P,75,210Brandon Moss,9/16/83,NULL,OAK,1B,72,210Brandon Phillips,6/28/81,@DatDudeBP,CIN,2B,72,200Brandon Workman,8/13/88,@b_workman12,BOS,P,77,225Brayan Pena,1/7/82,@cuban2727,CIN,1B,69,230Brendan Ryan,3/26/82,NULL,NYY,1B,74,195Brennan Boesch,4/12/85,NULL,LAA,CF,76,235Brent Morel,4/21/87,@Bmorel_22,PIT,1B,73,225Brett Anderson,2/1/88,@BAnderson_30,COL,P,76,225Brett Bochy,8/27/87,NULL,SF,P,74,200Brett Cecil,7/2/86,@27BrettCecil,TOR,P,75,220Brett Gardner,8/24/83,NULL,NYY,CF,70,185Brett Hayes,2/13/84,@bretthayes12,KC,C,72,215Brett Jackson,8/2/88,@TheBJacks,ARI,CF,74,220Brett Lawrie,1/18/90,@blawrie13,TOR,2B,72,210Brett Oberholtzer,7/1/89,NULL,HOU,P,73,225Brian Dozier,5/15/87,@BrianDozier,MIN,2B,71,190Brian Duensing,2/22/83,@BrianDuensing52,MIN,P,72,205Brian Flynn,4/19/90,NULL,MIA,P,79,250Brian Matusz,2/11/87,NULL,BAL,P,76,200Brian McCann,2/20/84,NULL,NYY,1B,75,230Brian Roberts,10/9/77,@1brianroberts,NYY,2B,69,175Brian Schlitter,12/21/85,NULL,CHC,P,77,240Brian Wilson,3/16/82,@BrianWilson38,LAD,P,73,205Brock Holt,6/11/88,@BrockStar4Lyf,BOS,1B,68,185Bronson Arroyo,2/24/77,NULL,ARI,P,75,195Brooks Brown,6/20/85,@BrooksB34,COL,P,75,205Brooks Conrad,1/16/80,NULL,SD,2B,70,190Bruce Billings,11/18/85,NULL,NYY,P,72,210Bruce Chen,6/19/77,@ChenMusic,KC,P,74,215Bryan Holaday,11/19/87,@jbholaday,DET,C,72,205Bryan Mitchell,4/19/91,NULL,NYY,P,75,205Bryan Morris,3/28/87,@Bryan19Morris,PIT,P,75,225Bryan Price,11/13/86,NULL,CLE,P,76,215Bryan Shaw,11/8/87,@BryanShaw37,CLE,P,73,210Bryce Brentz,12/30/88,@Bbrentz7,BOS,LF,72,210Bryce Harper,10/16/92,@Bharper3407,WAS,CF,75,225Buck Farmer,2/20/91,@B_Farm09,DET,P,76,225Bud Norris,3/2/85,@BudNorris25,BAL,P,72,220Buddy Carlyle,12/21/77,NULL,NYM,P,75,210Burke Badenhop,2/8/83,NULL,BOS,P,77,220Buster Posey,3/27/87,@BusterPosey,SF,1B,73,215C. C. Lee,10/21/86,NULL,CLE,P,71,190C. J. Cron,1/5/90,NULL,LAA,1B,76,235C. J. Riefenhauser,1/30/90,NULL,TB,P,72,180C. J. Wilson,11/18/80,NULL,LAA,P,73,210Caleb Gindl,8/31/88,NULL,MIL,OF,69,210Caleb Joseph,6/18/86,@McGrattan17,BAL,1B,75,180Caleb Thielbar,1/31/87,NULL,MIN,P,72,195Cam Bedrosian,10/2/91,@Cam_Bedrock,LAA,P,72,205Cameron Maybin,4/4/87,@spidermayb24,SD,CF,75,205Cameron Rupp,9/28/88,@CameronRupp,PHI,C,74,250Carl Crawford,8/5/81,@CarlCrawford_,LAD,LF,74,225Carlos Beltran,4/24/77,@carlosbeltran15,NYY,1B,73,210Carlos Carrasco,3/21/87,NULL,CLE,P,75,210Carlos Contreras,1/8/91,NULL,CIN,P,71,205Carlos Corporan,1/7/84,@CCorporan22,HOU,C,74,245Carlos Frias,11/13/89,NULL,LAD,P,76,170Carlos Gomez,12/4/85,@C_Gomez27,MIL,CF,75,220Carlos Gonzalez,10/17/85,@CarGoMedia5,COL,LF,73,220Carlos Marmol,10/14/82,NULL,MIA,P,73,235Carlos Martinez,9/21/91,@Tsunamy27,STL,P,72,185Carlos Peguero,2/22/87,@CPEGUERO4,KC,OF,77,250Carlos Pena,5/17/78,NULL,TEX,1B,74,225Carlos Quentin,8/28/82,NULL,SD,LF,73,235Carlos Rivero,5/20/88,@Carlos_Rivero3,BOS,3B,75,200Carlos Ruiz,1/22/79,@carlosruiz24,PHI,C,70,205Carlos Sanchez,6/29/92,@CarlosSan29,CHW,2B,71,195Carlos Santana,4/8/86,@TheRealSlamtana,CLE,1B,71,210Carlos Torres,10/22/82,NULL,NYM,P,73,180Carlos Triunfel,2/27/90,@CarlosTriunfel,LAD,SS,71,195Carlos Villanueva,11/28/83,NULL,CHC,P,74,215Carson Smith,10/19/89,@Carson_Smith39,SEA,P,78,215Carter Capps,8/7/90,@CarterCapps,MIA,P,76,230Casey Coleman,7/3/87,@CColeman1727,KC,P,72,185Casey Fien,10/21/83,@CaseyFien,MIN,P,74,205Casey Janssen,9/17/81,@CaseyJanssen,TOR,P,76,205Casey McGehee,10/12/82,NULL,MIA,3B,73,220Casey Sadler,7/13/90,@sadler_squared,PIT,P,76,215CC Sabathia,7/21/80,@CC_Sabathia,NYY,P,79,285Cesar Cabral,2/11/89,NULL,NYY,P,75,250Cesar Hernandez,5/23/90,@Cesarh232,PHI,2B,70,166Cesar Jimenez,11/12/84,@ccesarj37,PHI,P,71,210Cesar Ramos,6/22/84,@ceez_27,TB,P,74,200Chad Bettis,4/26/89,@cbettis35,COL,P,73,200Chad Jenkins,12/22/87,@Jenknutz,TOR,P,76,235Chad Qualls,8/17/78,@qualls50,HOU,P,76,240Chad Smith,10/2/89,NULL,DET,P,75,215Charles Leesman,3/10/87,NULL,CHW,P,76,215Charlie Blackmon,7/1/86,@Chuck_Nazty,COL,CF,75,210Charlie Culberson,4/10/89,@cculberson23,COL,1B,72,200Charlie Furbush,4/11/86,@charliefurbush,SEA,P,77,215Charlie Morton,11/12/83,NULL,PIT,P,77,235Chase Anderson,11/30/87,@ChaseAnderson87,ARI,P,72,190Chase d'Arnaud,1/21/87,@CHASEdARNAUD,PIT,SS,73,205Chase Headley,5/9/84,NULL,SD,3B,74,220Chase Utley,12/17/78,NULL,PHI,1B,73,200Chase Whitley,6/14/89,@ChaseWhitley,NYY,P,75,215Chasen Shreve,7/12/90,@chasenshreve,ATL,P,75,190Chaz Roe,10/9/86,NULL,NYY,P,77,190Chone Figgins,1/22/78,NULL,LAD,2B,68,180Chris Archer,9/26/88,@ChrisArcher42,TB,P,75,190Chris Bassitt,2/22/89,@C_Bass419,CHW,P,77,210Chris Capuano,8/19/78,NULL,BOS,P,75,215Chris Carter,12/18/86,NULL,HOU,1B,76,250Chris Coghlan,6/18/85,NULL,CHC,LF,72,195Chris Colabello,10/24/83,@CC20rake,MIN,1B,76,220Chris Davis,3/17/86,@CrushD19,BAL,1B,75,230Chris Denorfia,7/15/80,NULL,SD,CF,72,195Chris Dickerson,4/10/82,@CDickerson_PFTP,CLE,CF,76,230Chris Dominguez,11/22/86,@c_dominguez10,SF,3B,76,235Chris Getz,8/30/83,@RealChrisGetz,TOR,2B,72,185Chris Gimenez,12/27/82,@ChrisGimenez5,TEX,1B,74,220Chris Hatcher,1/12/85,@handlebars41,MIA,P,73,205Chris Heisey,12/14/84,NULL,CIN,CF,73,210Chris Herrmann,11/24/87,NULL,MIN,C,72,200Chris Heston,4/10/88,@Hesto23,SF,P,75,195Chris Iannetta,4/8/83,@Chris_Iannetta,LAA,C,72,230Chris Johnson,10/1/84,@C_Johnson28,ATL,1B,75,225Chris Leroux,4/14/84,NULL,NYY,P,78,225Chris Martin,6/2/86,@StartyMarty31,COL,P,80,215Chris Nelson,9/3/85,@ChrisNelson543,SD,1B,71,205Chris Owings,8/12/91,@cowings5,ARI,2B,70,190Chris Parmelee,2/24/88,@CParms27,MIN,1B,73,220Chris Perez,7/1/85,@ChrisPerez54,LAD,P,76,230Chris Rusin,10/22/86,@C_RusIn,CHC,P,74,195Chris Sale,3/30/89,NULL,CHW,P,78,180Chris Stewart,2/19/82,NULL,PIT,C,76,210Chris Taylor,8/29/90,NULL,SEA,SS,73,190Chris Tillman,4/15/88,NULL,BAL,P,77,210Chris Valaika,8/14/85,NULL,CHC,1B,71,205Chris Withrow,4/1/89,NULL,LAD,P,76,215Chris Young,5/25/79,@CY24_7,SEA,P,82,255Chris Young,9/5/83,@CY24_7,NYM,CF,74,200Christian Bergman,5/4/88,NULL,COL,P,73,180Christian Bethancourt,9/2/91,@ChristianBeth27,ATL,C,74,205Christian Colon,5/14/89,@Batting4MyBoy,KC,2B,70,190Christian Friedrich,7/8/87,@CFRIED12,COL,P,76,215Christian Vazquez,8/21/90,NULL,BOS,C,69,195Christian Walker,3/28/91,@CWalk013,BAL,1B,72,220Christian Yelich,12/5/91,@ChristianYelich,MIA,CF,75,200Clay Buchholz,8/14/84,NULL,BOS,P,75,190Clayton Kershaw,3/19/88,@ClaytonKersh22,LAD,P,75,225Cliff Lee,8/30/78,NULL,PHI,P,75,205Cliff Pennington,6/15/84,NULL,ARI,2B,70,195Clint Barmes,3/6/79,@clintbarmes,PIT,1B,73,200Clint Robinson,2/16/85,@BatHoarder,LAD,1B,77,225Coco Crisp,11/1/79,@Coco_Crisp,OAK,CF,70,185Cody Allen,11/20/88,NULL,CLE,P,73,210Cody Asche,6/30/90,@Cody_Smasche,PHI,3B,73,200Cody Ross,12/23/80,@IamCodyRoss,ARI,LF,70,195Colby Lewis,8/2/79,NULL,TEX,P,76,240Colby Rasmus,8/11/86,NULL,TOR,CF,74,195Cole Figueroa,6/30/87,@Cole_Figueroa,TB,2B,70,175Cole Gillespie,6/20/84,@ColeGilly2,SEA,CF,73,215Cole Hamels,12/27/83,@TheHamels,PHI,P,75,195Collin Cowgill,5/22/86,@Ccowgill12,LAA,CF,69,185Collin McHugh,6/19/87,@Collin_McHugh,HOU,P,74,195Conor Gillaspie,7/18/87,NULL,CHW,3B,73,195Corey Brown,11/26/85,@C_Brown813,BOS,OF,73,210Corey Dickerson,5/22/89,@MCoreyDickerson,COL,CF,73,205Corey Hart,3/24/82,NULL,SEA,1B,78,230Corey Kluber,4/10/86,@CKluber,CLE,P,76,215Corey Knebel,11/26/91,@coreyknebel29,DET,P,75,195Cory Rasmus,11/6/87,@CoryRaz46,LAA,P,72,200Cory Spangenberg,3/16/91,@spang19,SD,2B,72,195Craig Breslow,8/8/80,@CraigBreslow,BOS,P,73,190Craig Gentry,11/29/83,NULL,OAK,CF,74,190Craig Kimbrel,5/28/88,@kimbrel46,ATL,P,71,220Craig Stammen,3/9/84,@cstammen35,WAS,P,76,225Cristhian Adames,7/26/91,@Crisadams26,COL,2B,72,180Curt Casali,11/9/88,@Curtcasali,TB,C,74,225Curtis Granderson,3/16/81,@cgrand3,NYM,CF,73,200Curtis Partch,2/13/87,@bigcurt34,CIN,P,77,240Daisuke Matsuzaka,9/13/80,NULL,NYM,P,72,205Dale Thayer,12/17/80,NULL,SD,P,72,210Dallas Beeler,6/12/89,@tunnelman_34,CHC,P,77,210Dallas Keuchel,1/1/88,@kidkeuchy,HOU,P,75,210Dalton Pompey,12/11/92,@DaltonPompey,TOR,CF,74,195Dan Butler,10/17/86,@DanButler_12,BOS,C,70,210Dan Haren,9/17/80,@ithrow88,LAD,P,77,215Dan Jennings,4/17/87,@LtDanJennings,MIA,P,75,210Dan Johnson,8/10/79,NULL,TOR,1B,74,210Dan Otero,2/19/85,NULL,OAK,P,75,215Dan Robertson,9/30/85,@D_Robertson28,TEX,2B,68,170Dan Straily,12/1/88,@danstraily67,OAK,P,74,215Dan Uggla,3/11/80,@danuggla,ATL,2B,71,210Dana Eveland,10/29/83,@DanaEveland,NYM,P,73,235Dane De La Rosa,2/1/83,@Daner13,LAA,P,79,245Daniel Corcino,8/26/90,NULL,CIN,P,71,210Daniel Coulombe,10/26/89,NULL,LAD,P,70,185Daniel Descalso,10/19/86,@DanielDescalso,STL,1B,70,190Daniel Hudson,3/9/87,@DHuddy41,ARI,P,75,225Daniel McCutchen,9/26/82,@DanielMcCutchen,TEX,P,74,215Daniel Murphy,4/1/85,NULL,NYM,1B,73,215Daniel Nava,2/22/83,@dnavs33,BOS,1B,71,200Daniel Norris,4/25/93,@DanielNorris18,TOR,P,74,180Daniel Webb,8/18/89,@BubWebb,CHW,P,75,215Danny Duffy,12/21/88,NULL,KC,P,75,205Danny Espinosa,4/25/87,@DannyEspinosa18,WAS,2B,72,205Danny Farquhar,2/17/87,NULL,SEA,P,69,185Danny Salazar,1/11/90,@DannySalazar67,CLE,P,72,190Danny Santana,11/7/90,@DannySantana39,MIN,CF,71,175Danny Valencia,9/19/84,@dannyvalencia19,KC,2B,74,220Danny Worth,9/30/85,@DannyWorth29,DET,1B,73,185Daric Barton,8/16/85,NULL,OAK,1B,72,205Darin Downs,12/26/84,@DDowns99,HOU,P,75,210Darin Mastroianni,8/26/85,NULL,MIN,CF,71,190Darin Ruf,7/28/86,@DRuf15,PHI,1B,75,240Dario Alvarez,1/17/89,NULL,NYM,P,73,170Darren O'Day,10/22/82,@DODay56,BAL,P,76,220Darwin Barney,11/8/85,NULL,CHC,2B,70,185David Buchanan,5/11/89,@DavidB413,PHI,P,75,200David Carpenter,7/15/85,@DCarpenter29,ATL,P,74,230David Carpenter,9/1/87,@DCarpenter29,LAA,P,75,180David DeJesus,12/20/79,@David_DeJesus3,TB,CF,71,190David Freese,4/28/83,@Freeser6,LAA,3B,74,225David Hale,9/27/87,NULL,ATL,P,74,210David Holmberg,7/19/91,@David_Holmberg,CIN,P,75,225David Huff,8/22/84,@DHuff11,SF,P,74,215David Lough,1/20/86,@DLOrioles,BAL,CF,71,180David Martinez,8/4/87,NULL,HOU,P,74,220David Murphy,10/18/81,NULL,CLE,LF,75,210David Ortiz,11/18/75,@davidortiz,BOS,1B,76,230David Peralta,8/14/87,@dperalta6,ARI,CF,74,215David Phelps,10/9/86,NULL,NYY,P,74,200David Price,8/26/85,@DAVIDprice14,TB,P,78,210David Robertson,4/9/85,@DRob30,NYY,P,71,195David Ross,3/19/77,@D_Ross3,BOS,C,74,230David Wright,12/20/82,NULL,NYM,3B,72,205Dayan Viciedo,3/10/89,NULL,CHW,1B,71,240Dean Anna,11/24/86,@D_No_A,NYY,2B,71,180Dee Gordon,4/22/88,@FlashGJr,LAD,2B,71,170Dellin Betances,3/23/88,@DBetances50,NYY,P,80,260Delmon Young,9/14/85,NULL,BAL,LF,75,240Denard Span,2/27/84,@thisisdspan,WAS,CF,72,210Derek Dietrich,7/18/89,NULL,MIA,2B,72,205Derek Holland,10/9/86,@Dutch_Oven45,TEX,P,74,210Derek Jeter,6/26/74,NULL,NYY,SS,75,195Derek Norris,2/14/89,@d_no36,OAK,C,72,210Desmond Jennings,10/30/86,@d_jennings8,TB,CF,74,200Devin Mesoraco,6/19/88,@Mesorection,CIN,C,73,220Dexter Fowler,3/22/86,@DexterFowler,HOU,CF,76,190Didi Gregorius,2/18/90,@DidiG18,ARI,2B,74,205Dillon Gee,4/28/86,@DillonGee35,NYM,P,73,205Dilson Herrera,3/3/94,@Dilson_H,NYM,2B,70,150Dioner Navarro,2/9/84,NULL,TOR,C,69,205DJ LeMahieu,7/13/88,@DJLeMahieu,COL,1B,76,205Domingo Santana,8/5/92,NULL,HOU,LF,77,225Dominic Leone,10/26/91,@DLeone52,SEA,P,71,210Domonic Brown,9/3/87,@dom9brown,PHI,LF,77,230Don Kelly,2/15/80,NULL,DET,1B,76,190Donald Lutz,2/6/89,@braunerhulk,CIN,1B,75,250Donn Roach,12/14/89,@donnroach,SD,P,72,195Donnie Joseph,11/1/87,@Donnie_Joseph,KC,P,75,190Donnie Murphy,3/10/83,NULL,TEX,1B,70,190Donnie Veal,9/18/84,@RealDVeal,CHW,P,76,235Donovan Solano,12/17/87,@DonovanSolano17,MIA,2B,69,205Doug Bernier,6/24/80,@dougbernier,MIN,2B,73,185Doug Fister,2/4/84,@dougfister58,WAS,P,80,210Drake Britton,5/22/89,@BrittonDrake66,BOS,P,74,215Drew Butera,8/9/83,@drewbutera,LAD,1B,73,200Drew Hutchison,8/22/90,@1DrewHutch,TOR,P,75,195Drew Pomeranz,11/22/88,@DrewPomeranz,OAK,P,77,240Drew Rucinski,12/30/88,NULL,LAA,P,74,190Drew Smyly,6/13/89,@SmylyD,DET,P,75,190Drew Storen,8/11/87,@DrewStoren,WAS,P,73,195Drew Stubbs,10/4/84,@drewstubbs13,COL,CF,76,205Drew VerHagen,10/22/90,@DrewVerHagen,DET,P,78,230Dustin Ackley,2/26/88,NULL,SEA,LF,73,195Dustin McGowan,3/24/82,NULL,TOR,P,75,240Dustin Pedroia,8/17/83,@15Lasershow,BOS,2B,68,165Dylan Axelrod,7/30/85,@dylanaxelrod,CIN,P,72,195Ed Lucas,5/21/82,@ELuke21,MIA,1B,75,215Eddie Butler,3/13/91,@Butler4Life,COL,P,74,180Edinson Volquez,7/3/83,NULL,PIT,P,72,220Eduardo Escobar,1/5/89,@escobarmaracay,MIN,2B,70,175Eduardo Nunez,6/15/87,@EduardoNunez15,MIN,2B,72,185Edward Mujica,5/10/84,@EdwardMujica54,BOS,P,75,225Edwin Encarnacion,1/7/83,@Encadwin,TOR,1B,73,230Edwin Escobar,4/22/92,NULL,BOS,P,73,185Edwin Jackson,9/9/83,@EJ36,CHC,P,75,210Efren Navarro,5/14/86,NULL,LAA,1B,72,210Ehire Adrianza,8/21/89,@Ehire21,SF,2B,73,170Eli Whiteside,10/22/79,NULL,CHC,C,74,220Elian Herrera,2/1/85,NULL,MIL,2B,70,195Elliot Johnson,3/9/84,@ElliotJohnson9,CLE,2B,73,190Elvis Andrus,8/26/88,@ElvisandrusSS1,TEX,SS,72,200Emilio Bonifacio,4/23/85,@Elboni_1,CHC,2B,71,205Ender Inciarte,10/29/90,@Enderdavid18,ARI,CF,70,165Endy Chavez,2/7/78,NULL,SEA,CF,71,170Enrique Hernandez,8/24/91,@kikehndez,HOU,2B,71,170Erasmo Ramirez,5/2/90,NULL,SEA,P,71,200Eric Campbell,4/9/87,NULL,NYM,1B,75,205Eric Chavez,12/7/77,NULL,ARI,3B,73,215Eric Fornataro,1/2/88,@EFornataro,STL,P,73,225Eric Fryer,8/26/85,@EJFryer,MIN,C,74,215Eric Hosmer,10/24/89,@TheRealHos35,KC,1B,76,225Eric Jokisch,7/29/89,@jokisch24,CHC,P,74,185Eric O'Flaherty,2/5/85,NULL,OAK,P,74,220Eric Sogard,5/22/86,@EricSogard,OAK,2B,70,190Eric Stults,12/9/79,NULL,SD,P,74,220Eric Surkamp,7/16/87,@ESurkamp,CHW,P,77,220Eric Young,5/25/85,@EYJr,NYM,2B,70,195Erick Aybar,1/14/84,@aybarer01,LAA,SS,70,180Erik Bedard,3/5/79,@Erik_Bedard,TB,P,73,200Erik Cordier,2/25/86,@ErikCordier,SF,P,76,250Erik Goeddel,12/20/88,@erikgoedy,NYM,P,75,190Erik Johnson,12/30/89,NULL,CHW,P,75,230Erik Kratz,6/15/80,@ErikKratz31,TOR,C,76,240Erisbel Arruebarrena,3/25/90,NULL,LAD,SS,72,200Ernesto Frieri,7/19/85,@ernasty49,LAA,P,74,205Ervin Santana,12/12/82,@ErvinSantana_54,ATL,P,74,185Esmil Rogers,8/14/85,@es_esmil,TOR,P,75,200Ethan Martin,6/6/89,@_EthanMartin_,PHI,P,74,220Eugenio Suarez,7/18/91,NULL,DET,3B,71,180Eury De La Rosa,2/24/90,NULL,ARI,P,69,165Eury Perez,5/30/90,@Perez_Eury,NYY,CF,72,190Evan Gattis,8/18/86,@BulldogBeing,ATL,C,76,260Evan Longoria,10/7/85,@Evan3Longoria,TB,3B,74,210Evan Marshall,4/18/90,@emarsh31,ARI,P,74,220Evan Meek,5/12/83,@meeker47,BAL,P,72,225Evan Reed,12/31/85,NULL,DET,P,76,255Evan Scribner,7/19/85,@evanscribner,OAK,P,75,190Everth Cabrera,11/17/86,@CabreraEverth,SD,SS,70,190Ezequiel Carrera,6/11/87,NULL,DET,CF,70,185Felipe Paulino,10/5/83,@fpaulino05,CHW,P,75,270Felix Doubront,10/23/87,@theRealDubi22,BOS,P,74,225Felix Hernandez,4/8/86,@RealKingFelix,SEA,P,75,225Fernando Rodney,3/18/77,@F_Rodney56,SEA,P,71,220Fernando Rodriguez,6/18/84,NULL,OAK,P,75,235Fernando Salas,5/30/85,NULL,LAA,P,74,210Francisco Cervelli,3/6/86,@fran_cervelli,NYY,1B,73,205Francisco Liriano,10/26/83,@liriano47,PIT,P,74,215Francisco Pena,10/12/89,NULL,KC,C,74,230Francisco Rodriguez,1/7/82,@El_kid_rod57,MIL,P,72,195Francisley Bueno,3/5/81,@francisley32,KC,P,71,205Frank Francisco,9/11/79,NULL,CHW,P,74,250Frank Garces,1/17/90,NULL,SD,P,71,175Franklin Morales,1/24/86,NULL,COL,P,73,210Freddie Freeman,9/12/89,@FreddieFreeman5,ATL,1B,77,225Freddy Galvis,11/14/89,@freddygalvis10,PHI,2B,70,185Gaby Sanchez,9/2/83,@GabySanchez15,PIT,1B,73,235Garin Cecchini,4/20/91,@GarinCecchini,BOS,3B,75,220Garrett Jones,6/21/81,@Garrett_GIJones,MIA,1B,77,235Garrett Richards,5/27/88,@GRICHARDS26,LAA,P,75,210Gary Brown,9/28/88,@garybrown909,SF,CF,73,190Gavin Floyd,1/27/83,@GFloyd34,ATL,P,76,235George Kontos,6/12/85,@G_Kontos,SF,P,75,215George Kottaras,5/10/83,@GeorgeKottaras,CLE,C,72,200George Springer,9/19/89,@gspringer_4,HOU,CF,75,205Geovany Soto,1/20/83,NULL,TEX,C,73,235Gerald Laird,11/13/79,NULL,ATL,C,73,230Gerardo Parra,5/6/87,@88_gparra,ARI,CF,71,200Gerrit Cole,9/8/90,NULL,PIT,P,76,240Giancarlo Stanton,11/8/89,@Giancarlo818,MIA,OF,78,240Gio Gonzalez,9/19/85,@GioGonzalez47,WAS,P,72,205Glen Perkins,3/2/83,@glenperkins,MIN,P,72,205Gonzalez Germen,9/23/87,NULL,NYM,P,73,200Gordon Beckham,9/16/86,@gordonbeckham,CHW,2B,72,185Grady Sizemore,8/2/82,NULL,BOS,CF,74,200Grant Balfour,12/30/77,NULL,TB,P,74,200Grant Green,9/27/87,@GreenieLocks8,LAA,1B,75,180Greg Dobbs,7/2/78,NULL,WAS,1B,73,205Greg Garcia,8/8/89,NULL,STL,2B,72,190Greg Holland,11/20/85,NULL,KC,P,70,205Gregor Blanco,12/24/83,@gregorblanco7,SF,CF,71,175Gregorio Petit,12/10/84,@GregorioPetit31,HOU,2B,70,195Gregory Polanco,9/14/91,@El_Coffee,PIT,OF,76,220Guilder Rodriguez,7/24/83,NULL,TEX,2B,73,190Guillermo Quiroz,11/29/81,NULL,SF,C,73,230Gus Schlosser,10/20/88,@Gus_Schlosser,ATL,P,76,225Hank Conger,1/29/88,@PandaCrusher35,LAA,C,74,220Hanley Ramirez,12/23/83,@HanleyRamirez,LAD,SS,74,225Heath Bell,9/29/77,@HeathBell21,TB,P,75,250Heath Hembree,1/13/89,@HeathHembree,BOS,P,76,210Hector Ambriz,5/24/84,@hAmbriz,SD,P,74,235Hector Gomez,3/5/88,NULL,MIL,2B,75,200Hector Neris,6/14/89,NULL,PHI,P,74,175Hector Noesi,1/26/87,@HJPNoesi,SEA,P,75,205Hector Rondon,2/26/88,NULL,CHC,P,75,180Hector Sanchez,11/17/89,@hect171189,SF,1B,72,235Hector Santiago,12/16/87,@HecSantiago53,LAA,P,72,210Henderson Alvarez,4/18/90,@Hendyalvarez37,MIA,P,72,205Henry Rodriguez,2/25/87,@HenryRod39,MIA,P,73,225Hernan Perez,3/26/91,NULL,DET,2B,73,185Hiroki Kuroda,2/10/75,NULL,NYY,P,73,205Hisashi Iwakuma,4/12/81,NULL,SEA,P,75,210Homer Bailey,5/3/86,NULL,CIN,P,76,230Howie Kendrick,7/12/83,@HKendrick47,LAA,2B,70,210Humberto Quintero,8/2/79,NULL,SEA,C,69,215Hunter Pence,4/13/83,@hunterpence,SF,CF,76,220Hunter Strickland,9/24/88,@hstrickland60,SF,P,76,220Huston Street,8/2/83,@hustonstreet,SD,P,72,195Hyun-jin Ryu,3/25/87,@HyunJinRyu99,LAD,P,74,255Ian Desmond,9/20/85,@IanDesmond20,WAS,SS,75,215Ian Kennedy,12/19/84,NULL,SD,P,72,190Ian Kinsler,6/22/82,@IKinsler3,DET,2B,72,200Ian Krol,5/9/91,@IanKrolTKB,DET,P,73,210Ian Stewart,4/5/85,@IAN_STEWART_9,LAA,1B,75,215Ian Thomas,4/20/87,NULL,ATL,P,76,215Ichiro Suzuki,10/22/73,NULL,NYY,CF,71,170Ike Davis,3/22/87,@Iked29,NYM,1B,76,220Irving Falu,6/6/83,@ifalu10,MIL,3B,70,180Ivan Nova,1/12/87,@IvanNova47,NYY,P,76,225J. A. Happ,10/19/82,NULL,TOR,P,77,205J. B. Shuck,6/18/87,NULL,LAA,LF,71,195J. C. Gutierrez,7/14/83,NULL,SF,P,75,245J. D. Martinez,8/21/87,NULL,DET,LF,75,220J. J. Hardy,8/19/82,NULL,BAL,SS,73,190J. J. Hoover,8/13/87,NULL,CIN,P,75,230J. J. Putz,2/22/77,NULL,ARI,P,77,250J. P. Arencibia,1/5/86,NULL,TEX,1B,72,205J. P. Howell,4/25/83,NULL,LAD,P,72,185J. R. Murphy,5/13/91,NULL,NYY,C,71,195J. T. Realmuto,3/18/91,NULL,MIA,C,73,215Jace Peterson,5/9/90,@peterson_jace,SD,2B,72,210Jack Hannahan,3/4/80,@JackHannahan9,CIN,1B,74,210Jackie Bradley,4/19/90,@JackieBradleyJr,BOS,CF,70,195Jackson Williams,5/14/86,NULL,COL,C,71,200Jacob deGrom,6/19/88,@JdeGrom19,NYM,P,76,180Jacob Turner,5/21/91,@Jacob_Turner22,MIA,P,77,215Jacoby Ellsbury,9/11/83,@JacobyEllsbury,NYY,CF,73,195Jaff Decker,2/23/90,@JaffDecker22,PIT,LF,69,190Jaime Garcia,7/8/86,NULL,STL,P,74,215Jair Jurrjens,1/29/86,NULL,COL,P,73,200Jairo Diaz,5/27/91,NULL,LAA,P,72,195Jake Arrieta,3/6/86,@JArrieta34,CHC,P,76,225Jake Buchanan,9/24/89,@JakeBuck33,HOU,P,72,235Jake Diekman,1/21/87,@JakeDiekman,PHI,P,76,200Jake Dunning,8/12/88,NULL,SF,P,76,190Jake Elmore,6/15/87,@JElmo10,CIN,2B,69,185Jake Goebbert,9/24/87,NULL,SD,1B,72,205Jake Lamb,10/9/90,@JakeLamb18,ARI,3B,75,220Jake Marisnick,3/30/91,@JSMarisnick,MIA,CF,76,225Jake McGee,8/6/86,NULL,TB,P,75,235Jake Odorizzi,3/27/90,@JakeOdorizzi,TB,P,74,185Jake Peavy,5/31/81,@JakePeavy_44,BOS,P,73,195Jake Petricka,6/5/88,NULL,CHW,P,77,205Jake Smolinski,2/9/89,NULL,TEX,LF,71,215James Jones,9/24/88,NULL,SEA,CF,76,200James Loney,5/7/84,@theloney_s,TB,1B,75,235James McCann,6/13/90,@JamesMcCann34,DET,C,74,210James Paxton,11/6/88,@James_Paxton,SEA,P,76,220James Russell,1/8/86,@jcruss51,CHC,P,76,200James Shields,12/20/81,NULL,KC,P,75,215Jamey Wright,12/24/74,NULL,LAD,P,78,240Jamie Romak,9/30/85,NULL,LAD,1B,75,226Jared Burton,6/2/81,NULL,MIN,P,77,225Jared Hughes,7/4/85,@locatejared,PIT,P,79,245Jarred Cosart,5/25/90,@JarredCosart,HOU,P,75,195Jarrett Grube,11/5/81,NULL,LAA,P,76,220Jarrod Dyson,8/15/84,@mrzoombiya,KC,CF,70,160Jarrod Saltalamacchia,5/2/85,NULL,MIA,C,75,235Jason Bartlett,10/30/79,NULL,MIN,LF,72,190Jason Bourgeois,1/4/82,@jbourgeois11,CIN,CF,69,190Jason Castro,6/18/87,@J_Castro15,HOU,C,75,215Jason Frasor,8/9/77,NULL,TEX,P,69,180Jason Grilli,11/11/76,@GrillCheese49,PIT,P,76,235Jason Hammel,9/2/82,@HammelTime39,CHC,P,78,225Jason Heyward,8/9/89,@JasonHeyward,ATL,OF,77,245Jason Kipnis,4/3/87,@TheJK_Kid,CLE,2B,71,190Jason Kubel,5/25/82,NULL,MIN,LF,72,220Jason Lane,12/22/76,@Jasonlane16,SD,P,74,225Jason Motte,6/22/82,@JMotte30,STL,P,72,205Jason Pridie,10/9/83,@MrPriddles,COL,LF,73,205Jason Rogers,3/13/88,NULL,MIL,1B,74,245Jason Vargas,2/2/83,NULL,KC,P,72,215Javier Baez,12/1/92,@javy23baez,CHC,2B,72,190Javier Lopez,7/11/77,NULL,SF,P,76,220Javy Guerra,10/31/85,@JavyGuerra54,CHW,P,73,190Jay Bruce,4/3/87,@JayABruce,CIN,1B,75,215Jayson Nix,8/26/82,@Jayson_Nix17,PHI,2B,71,195Jayson Werth,5/20/79,NULL,WAS,OF,77,240Jean Machi,2/1/82,NULL,SF,P,72,255Jean Segura,3/17/90,NULL,MIL,SS,70,205Jeanmar Gomez,2/10/88,NULL,PIT,P,75,220Jed Lowrie,4/17/84,NULL,OAK,SS,72,190Jedd Gyorko,9/23/88,@JGyorko05,SD,2B,70,210Jeff Baker,6/21/81,NULL,MIA,1B,74,220Jeff Beliveau,1/17/87,NULL,TB,P,73,195Jeff Bianchi,10/5/86,NULL,MIL,2B,71,185Jeff Francis,1/8/81,NULL,CIN,P,77,220Jeff Francoeur,1/8/84,NULL,SD,OF,76,220Jeff Kobernus,6/30/88,@J_Kobe23,WAS,2B,74,195Jeff Locke,11/20/87,@Jeff_Locke,PIT,P,72,185Jeff Manship,1/16/85,NULL,PHI,P,74,210Jeff Mathis,3/31/83,NULL,MIA,C,72,205Jeff Samardzija,1/23/85,NULL,CHC,P,77,225Jemile Weeks,1/26/87,@RealJemileWeeks,BAL,2B,69,165Jenrry Mejia,10/11/89,NULL,NYM,P,72,205Jered Weaver,10/4/82,NULL,LAA,P,79,210Jeremy Affeldt,6/6/79,@JeremyAffeldt,SF,P,76,225Jeremy Guthrie,4/8/79,@TheRealJGuts,KC,P,73,205Jeremy Hellickson,4/8/87,@JHell58,TB,P,73,190Jeremy Jeffress,9/21/87,@JMontana41,TOR,P,73,205Jerome Williams,12/4/81,@pinkpuka57,HOU,P,75,240Jerry Blevins,9/6/83,@JerryBlevins_13,WAS,P,78,185Jesse Chavez,8/21/83,NULL,OAK,P,74,160Jesse Hahn,7/30/89,NULL,SD,P,77,190Jesus Aguilar,6/30/90,@JAguilarCLE,CLE,1B,75,250Jesus Guzman,6/14/84,@jesusguzzy,HOU,1B,73,200Jesus Montero,11/28/89,NULL,SEA,1B,75,235Jesus Sucre,4/30/88,NULL,SEA,C,72,225Jeurys Familia,10/10/89,@jeurys10,NYM,P,75,240Jhonny Peralta,5/28/82,NULL,STL,SS,74,215Jhoulys Chacin,1/7/88,@Jhoulys45,COL,P,75,215Jim Adduci,5/15/85,@JimAdduci23,TEX,1B,74,210Jim Henderson,10/21/82,@JimHenderson29,MIL,P,77,220Jim Johnson,6/27/83,NULL,OAK,P,78,240Jim Miller,4/28/82,NULL,NYY,P,73,200Jimmy Nelson,6/5/89,@Jimmy_J_Nelson,MIL,P,78,245Jimmy Paredes,11/25/88,NULL,KC,2B,75,200Jimmy Rollins,11/27/78,@JimmyRollins11,PHI,SS,68,180Joakim Soria,5/18/84,@joakimsoria,TEX,P,75,200Joaquin Arias,9/21/84,NULL,SF,1B,73,165Joaquin Benoit,7/26/77,NULL,SD,P,75,220Joba Chamberlain,9/23/85,@Joba_44,DET,P,74,250Joc Pederson,4/21/92,@yungjoc650,LAD,CF,73,185Joe Beimel,4/19/77,NULL,SEA,P,75,205Joe Kelly,6/9/88,@JosephKellyJr,STL,P,73,175Joe Mauer,4/19/83,NULL,MIN,1B,77,230Joe Nathan,11/22/74,@JoeNathan36,DET,P,76,230Joe Panik,10/30/90,@JoePanik12,SF,2B,73,190Joe Paterson,5/19/86,NULL,ARI,P,72,190Joe Saunders,6/16/81,@J_saundo,TEX,P,75,215Joe Savery,11/4/85,NULL,OAK,P,75,235Joe Smith,3/22/84,@thethree8,LAA,P,74,205Joe Thatcher,10/4/81,NULL,ARI,P,74,230Joe Wieland,1/21/90,@JWieland108,SD,P,75,210Joel Peralta,3/23/76,NULL,TB,P,71,210Joey Butler,3/12/86,NULL,STL,OF,74,220Joey Terdoslavich,9/9/88,@JoeTerdoslavich,ATL,1B,74,200Joey Votto,9/10/83,@joey_votto29,CIN,1B,74,220John Axford,4/1/83,@JohnAxford,CLE,P,77,220John Baker,1/20/81,@manbearwolf,CHC,C,73,215John Buck,7/7/80,@johnbuck44,SEA,1B,75,245John Danks,4/15/85,NULL,CHW,P,73,210John Holdzkom,10/19/87,@Holdzkom,PIT,P,79,225John Jaso,9/19/83,NULL,OAK,C,74,205John Lackey,10/23/78,NULL,BOS,P,78,235John Lannan,9/27/84,NULL,NYM,P,76,235John Mayberry,12/21/83,@Jmayberryjr9,PHI,1B,78,230John McDonald,9/24/74,NULL,LAA,2B,69,185Johnny Cueto,2/15/86,@JohnnyCueto,CIN,P,71,215Johnny Giavotella,7/10/87,@Gio2bKC,KC,2B,68,185Jon Edwards,1/8/88,@Jon_edwards7,TEX,P,77,230Jon Jay,3/15/85,@jonjayU,STL,CF,71,195Jon Lester,1/7/84,@JLester34,BOS,P,76,240Jon Singleton,9/18/91,@iLLJAY_SiNG,HOU,1B,74,255Jonathan Broxton,6/16/84,NULL,CIN,P,76,295Jonathan Diaz,4/10/85,NULL,TOR,2B,69,155Jonathan Herrera,11/3/84,NULL,BOS,1B,69,180Jonathan Lucroy,6/13/86,@JLucroy20,MIL,1B,72,195Jonathan Papelbon,11/23/80,@JPap58,PHI,P,76,215Jonathan Pettibone,7/19/90,@Jon_Pettibone,PHI,P,78,225Jonathan Schoop,10/16/91,NULL,BAL,2B,74,210Jonathan Villar,5/2/91,@JRvillar6,HOU,SS,73,205Jonathon Niese,10/27/86,NULL,NYM,P,75,220Jonny Gomes,11/22/80,@JonnyGomes5,BOS,LF,73,230Jordan Danks,8/7/86,NULL,CHW,CF,76,215Jordan Lyles,10/19/90,@JordanLyles24,COL,P,76,215Jordan Pacheco,1/30/86,@JstyleP,COL,1B,73,205Jordan Schafer,9/4/86,@JordanSchafer,ATL,CF,73,205Jordan Walden,11/16/87,@JWal52,ATL,P,77,250Jordan Zimmermann,5/23/86,NULL,WAS,P,74,220Jordany Valdespin,12/23/87,@jordany023,MIA,2B,72,190Jordy Mercer,8/27/86,@jordy_mercer,PIT,OF,75,205Jorge De La Rosa,4/5/81,NULL,COL,P,73,215Jorge De Leon,8/15/87,NULL,HOU,P,72,185Jorge Polanco,7/5/93,@Jorge_Polanco1,MIN,SS,71,165Jorge Rondon,2/16/88,NULL,STL,P,73,215Jorge Soler,2/25/92,@JorgeSoler68,CHC,OF,76,215Jose Abreu,1/29/87,@79JoseAbreu,CHW,1B,75,255Jose Altuve,5/6/90,@JoseAltuve27,HOU,2B,66,175Jose Alvarez,5/6/89,NULL,LAA,P,71,180Jose Bautista,10/19/80,@JoeyBats19,TOR,1B,72,205Jose Cisnero,4/11/89,NULL,HOU,P,75,245Jose Constanza,9/1/83,@jconstanza17,ATL,LF,69,185Jose Dominguez,8/7/90,NULL,LAD,P,72,200Jose Fernandez,7/31/92,@JDFernandez16,MIA,P,74,225Jose Lobaton,10/21/84,@JLobaton21,WAS,C,72,215Jose Molina,6/3/75,@Joeycatch8,TB,C,72,250Jose Ortega,10/12/88,NULL,DET,P,71,185Jose Pirela,11/21/89,@JosePirela12,NYY,2B,71,210Jose Quintana,1/24/89,@jose_quintana24,CHW,P,73,220Jose Ramirez,1/21/90,@MrLapara,NYY,P,75,190Jose Ramirez,9/17/92,@MrLapara,CLE,2B,69,165Jose Reyes,6/11/83,@lamelaza_7,TOR,SS,72,195Jose Tabata,8/12/88,NULL,PIT,CF,71,210Jose Valverde,3/24/78,@PapaGrande46,NYM,P,76,265Jose Veras,10/20/80,NULL,CHC,P,78,240Josh Beckett,5/15/80,@joshbeckett,LAD,P,77,230Josh Collmenter,2/7/86,NULL,ARI,P,76,235Josh Donaldson,12/8/85,@BringerOfRain20,OAK,3B,72,220Josh Edgin,12/17/86,@joshedgin37,NYM,P,73,245Josh Fields,8/19/85,@OkieFields,HOU,P,72,190Josh Hamilton,5/21/81,@thejoshhamilton,LAA,CF,76,240Josh Harrison,7/8/87,@jhay_da_man,PIT,2B,68,200Josh Lindblom,6/15/87,@JoshLindblom52,OAK,P,76,240Josh Lueke,12/5/84,@JwL_52,TB,P,77,245Josh Outman,9/14/84,NULL,CLE,P,73,205Josh Phegley,2/12/88,@JoshPhegley,CHW,C,70,225Josh Reddick,2/19/87,@RealJoshReddick,OAK,CF,74,180Josh Rutledge,4/21/89,NULL,COL,2B,73,190Josh Satin,12/23/84,@joshsatin,NYM,1B,74,215Josh Stinson,3/14/88,@JStinny19,BAL,P,76,210Josh Thole,10/28/86,NULL,TOR,C,73,205Josh Tomlin,10/19/84,@jtomlin43,CLE,P,73,190Josh Wall,1/21/87,@Thegr8wall15,LAA,P,78,215Josh Willingham,2/17/79,NULL,MIN,LF,74,230Josh Wilson,3/26/81,NULL,TEX,2B,72,175Josh Zeid,3/24/87,@Josh_Zeid14,HOU,P,76,235Josmil Pinto,3/31/89,@JosmilPinto,MIN,C,71,210Juan Carlos Oviedo,3/15/82,NULL,TB,P,74,195Juan Centeno,11/16/89,NULL,NYM,C,69,195Juan Francisco,6/24/87,NULL,TOR,1B,74,245Juan Jaime,8/2/87,NULL,ATL,P,74,250Juan Lagares,3/17/89,@juanlagares2,NYM,CF,73,215Juan Nicasio,8/31/86,NULL,COL,P,75,210Juan Perez,11/13/86,@juan_perez24,SF,CF,71,185Juan Uribe,3/22/79,NULL,LAD,3B,72,235Julio Teheran,1/27/91,@Julio_Teheran,ATL,P,74,200Jumbo Diaz,2/27/84,NULL,CIN,P,76,315Junichi Tazawa,6/6/86,NULL,BOS,P,71,200Junior Lake,3/27/90,NULL,CHC,CF,75,215Justin Bour,5/28/88,@bour41,MIA,1B,76,250Justin De Fratus,10/21/87,@JustinDeFratus,PHI,P,76,225Justin Germano,8/6/82,@JustGerm,TEX,P,74,210Justin Grimm,8/16/88,@GrimmReaper51,CHC,P,75,210Justin Marks,1/12/88,@JMarksDE,KC,P,75,205Justin Masterson,3/22/85,NULL,CLE,P,78,250Justin Maxwell,11/6/83,@JustinMaxwell27,KC,CF,77,225Justin Miller,6/13/87,NULL,DET,P,75,215Justin Morneau,5/15/81,@JustinMorneau,COL,1B,76,220Justin Ruggiano,4/12/82,@justinruggiano,CHC,CF,73,210Justin Sellers,2/1/86,@SellBlock12,CLE,2B,70,160Justin Smoak,12/5/86,NULL,SEA,1B,76,230Justin Turner,11/23/84,@redturn2,LAD,1B,72,210Justin Upton,8/25/87,@JUST_JUP,ATL,LF,74,205Justin Verlander,2/20/83,@JustinVerlander,DET,P,77,225Justin Wilson,8/18/87,@J_J_Wilson,PIT,P,74,205Keith Butler,1/30/89,@4Butler4,STL,P,72,170Kelly Johnson,2/22/82,NULL,NYY,1B,73,200Kelvin Herrera,12/31/89,@KelvinHerrera40,KC,P,70,200Ken Giles,9/20/90,@KenGiles53,PHI,P,74,205Kendall Graveman,12/21/90,@kage49,TOR,P,74,195Kendrys Morales,6/20/83,NULL,MIN,1B,73,220Kenley Jansen,9/30/87,@kenleyjansen74,LAD,P,77,265Kennys Vargas,8/1/90,@kennys_vargas,MIN,1B,77,275Kevin Chapman,2/19/88,@ChapStarr,HOU,P,75,225Kevin Correia,8/24/80,NULL,MIN,P,75,200Kevin Frandsen,5/24/82,@KevinFrandsen,WAS,1B,72,190Kevin Gausman,1/6/91,@KevinGausman,BAL,P,75,190Kevin Gregg,6/20/78,@KevinGregg63,MIA,P,78,245Kevin Jepsen,7/26/84,NULL,LAA,P,75,235Kevin Kiermaier,4/22/90,@KKiermaier39,TB,CF,73,195Kevin Kouzmanoff,7/25/81,@Kouzmanoff,TEX,3B,73,210Kevin Pillar,1/4/89,@KPILLAR4,TOR,CF,72,205Kevin Quackenbush,11/28/88,@Quack1128,SD,P,76,220Kevin Siegrist,7/20/89,@KevinSiegrist,STL,P,77,215Kevin Slowey,5/4/84,NULL,MIA,P,75,205Kevin Whelan,1/8/84,NULL,DET,P,71,205Khris Davis,12/21/87,@khrisdavis2,MIL,LF,71,190Kirby Yates,3/25/87,@KauaisHaole,TB,P,70,195Kirk Nieuwenhuis,8/7/87,NULL,NYM,CF,75,225Koji Uehara,4/3/75,@TeamUehara,BOS,P,74,195Kole Calhoun,10/14/87,@KoleCalhoun,LAA,1B,70,200Kolten Wong,10/10/90,@KoltenWong,STL,2B,69,185Koyie Hill,3/9/79,NULL,PHI,C,73,205Kris Johnson,10/14/84,@Kris_Johnson53,MIN,P,76,205Kristopher Negron,2/1/86,@KNegs17,CIN,2B,72,195Kurt Suzuki,10/4/83,@kurtsuzuki,MIN,C,71,230Kyle Blanks,9/11/86,NULL,SD,1B,78,265Kyle Crockett,12/15/91,@CrockPott3,CLE,P,74,170Kyle Drabek,12/8/87,@kyledrabek4,TOR,P,74,205Kyle Farnsworth,4/14/76,@24_7Farnsworth,NYM,P,76,230Kyle Gibson,10/23/87,@kgib44,MIN,P,78,220Kyle Hendricks,12/7/89,@kylehendricks28,CHC,P,75,190Kyle Kendrick,8/26/84,NULL,PHI,P,75,210Kyle Lobstein,8/12/89,@LobsteinKyle,DET,P,75,200Kyle Lohse,10/4/78,@KyleLohse26,MIL,P,74,210Kyle Parker,9/30/89,NULL,COL,1B,72,205Kyle Ryan,9/25/91,NULL,DET,P,77,180Kyle Seager,11/3/87,NULL,SEA,3B,72,210Kyuji Fujikawa,7/21/80,NULL,CHC,P,72,190L. J. Hoes,3/5/90,NULL,HOU,LF,72,200Lance Lynn,5/12/87,@lancelynn31,STL,P,77,240Lane Adams,11/13/89,@LAdamsKC,KC,CF,76,190LaTroy Hawkins,12/21/72,@LaTroyHawkins32,COL,P,77,220Leonel Campos,7/17/87,@LeonelCampos11,SD,P,75,185Leonys Martin,3/6/88,@leonys27martin,TEX,CF,74,190Lester Oliveros,5/28/88,@lesteroliveros,MIN,P,72,235Leury Garcia,3/18/91,@leurygarcia1,CHW,2B,68,170Liam Hendriks,2/10/89,NULL,TOR,P,73,205Lisalverto Bonilla,6/18/90,@propecto1,TEX,P,72,175Logan Darnell,2/2/89,@ldarnell15,MIN,P,74,210Logan Forsythe,1/14/87,NULL,TB,1B,73,195Logan Morrison,8/25/87,@CupOfLoMo,SEA,1B,75,245Logan Ondrusek,2/13/85,NULL,CIN,P,80,230Logan Schafer,9/8/86,NULL,MIL,CF,73,195Logan Watkins,8/29/89,@WatkinsLogan,CHC,2B,71,195Lonnie Chisenhall,10/4/88,@BIGLON8,CLE,1B,74,190Lorenzo Cain,4/13/86,NULL,KC,CF,74,205Louis Coleman,4/4/86,@LouisColeman31,KC,P,76,205Lucas Duda,2/3/86,NULL,NYM,1B,76,255Lucas Harrell,6/3/85,@LucasHarrell34,HOU,P,74,205Lucas Luetge,3/24/87,@LucasLuetge,SEA,P,76,205Luis Avilan,7/19/89,@lavilan70,ATL,P,74,220Luis Garcia,1/30/87,NULL,PHI,P,74,210Luis Jimenez,1/18/88,@Chapomontes10,LAA,3B,73,205Luis Sardinas,5/16/93,@thesardisardi,TEX,2B,73,150Luis Valbuena,11/30/85,NULL,CHC,2B,70,200Luke Gregerson,5/14/84,NULL,OAK,P,75,200Luke Putkonen,5/10/86,NULL,DET,P,78,215Lyle Overbay,1/28/77,NULL,MIL,1B,74,235Madison Bumgarner,8/1/89,NULL,SF,P,77,235Maicer Izturis,9/12/80,NULL,TOR,2B,68,155Maikel Cleto,5/1/89,@MaikelCleto,CHW,P,75,250Maikel Franco,8/26/92,@maikelfranco10,PHI,1B,73,180Manny Machado,7/6/92,@Manny_Machado13,BAL,3B,74,180Manny Parra,10/30/82,@MannyParra26,CIN,P,75,215Marc Krauss,10/5/87,@MarcKrauss25,HOU,1B,74,245Marc Rzepczynski,8/29/85,NULL,CLE,P,74,220Marcell Ozuna,11/12/90,NULL,MIA,CF,73,230Marco Estrada,7/5/83,NULL,MIL,P,72,200Marco Gonzales,2/16/92,@MarcoGonzales_,STL,P,73,195Marco Scutaro,10/30/75,NULL,SF,2B,70,185Marcus Semien,9/17/90,NULL,CHW,2B,73,195Marcus Stroman,5/1/91,@MStrooo6,TOR,P,69,185Mario Hollands,8/26/88,@mario_hollands,PHI,P,77,220Mark Buehrle,3/23/79,NULL,TOR,P,74,240Mark Ellis,6/6/77,NULL,STL,1B,70,190Mark Lowe,6/7/83,NULL,CLE,P,75,210Mark Melancon,3/28/85,@Mark_Melancon_,PIT,P,74,215Mark Reynolds,8/3/83,NULL,MIL,1B,74,220Mark Teixeira,4/11/80,@teixeiramark25,NYY,1B,75,215Mark Trumbo,1/16/86,@Mtrumbo44,ARI,1B,76,235Marlon Byrd,8/30/77,@mjbsr6,PHI,OF,72,245Martin Maldonado,8/16/86,@Machete1224,MIL,1B,72,230Martin Perez,4/4/91,@MartinPerez33D,TEX,P,72,190Martin Prado,10/27/83,NULL,ARI,2B,73,190Marwin Gonzalez,3/14/89,@marwinGF9,HOU,1B,73,205Masahiro Tanaka,11/1/88,@t_masahiro18,NYY,P,74,205Mat Latos,12/9/87,NULL,CIN,P,78,245Matt Adams,8/31/88,NULL,STL,1B,75,260Matt Albers,1/20/83,NULL,HOU,P,73,225Matt Barnes,6/17/90,@mattbarnesRHP,BOS,P,76,205Matt Belisle,6/6/80,NULL,COL,P,76,225Matt Cain,10/1/84,NULL,SF,P,75,230Matt Carpenter,11/26/85,@MattCarp13,STL,3B,75,215Matt Clark,12/10/86,@MattClark60,MIL,1B,77,230Matt Daley,6/23/82,NULL,NYY,P,74,180Matt den Dekker,8/10/87,@UpperDekker,NYM,CF,73,210Matt Dominguez,8/28/89,NULL,HOU,3B,73,215Matt Duffy,1/15/91,@mm_duffy,SF,2B,74,170Matt Garza,11/26/83,@Gdeuceswild,MIL,P,76,215Matt Guerrier,8/2/78,@mattygrrr,MIN,P,75,195Matt Harrison,9/16/85,NULL,TEX,P,76,240Matt Holliday,1/15/80,@mattholliday7,STL,LF,76,250Matt Kemp,9/23/84,@TheRealMattKemp,LAD,CF,76,215Matt Lindstrom,2/11/80,NULL,CHW,P,75,215Matt McBride,5/23/85,NULL,COL,1B,74,215Matt Moore,6/18/89,@MattyMoe55,TB,P,75,200Matt Pagnozzi,11/10/82,@MattPagnozzi,MIL,C,74,215Matt Shoemaker,9/27/86,@MattShoemaker33,LAA,P,74,225Matt Stites,5/28/90,@matt_stites,ARI,P,71,195Matt Szczur,7/20/89,@superSZCZ4,CHC,CF,73,195Matt Thornton,9/15/76,NULL,NYY,P,78,235Matt West,11/21/88,NULL,TEX,P,73,200Matt Wieters,5/21/86,NULL,BAL,C,77,240Matthew Joyce,8/3/84,@sweetswingin20,TB,LF,74,200Max Scherzer,7/27/84,@Max_Scherzer,DET,P,75,220Max Stassi,3/15/91,@MaxStassi10,HOU,C,70,200Melky Cabrera,8/11/84,NULL,TOR,CF,70,210Melvin Mercedes,11/2/90,@M3L_13,DET,P,75,250Michael Bourn,12/27/82,NULL,CLE,CF,70,180Michael Brantley,5/15/87,NULL,CLE,CF,74,200Michael Choice,11/10/89,@VinnyChoice,TEX,CF,72,215Michael Cuddyer,3/27/79,@mcuddy23,COL,1B,74,220Michael Foltynewicz,10/7/91,@Folty25,HOU,P,76,220Michael Kirkman,9/18/86,@Kirkman_michael,TEX,P,76,220Michael Kohn,6/26/86,@MichaelKohn58,LAA,P,74,200Michael Mariot,10/20/88,@MikeMariot,KC,P,72,190Michael Martinez,9/16/82,@Pelucita19,PIT,2B,69,175Michael McKenry,3/4/85,@theFortMcKenry,COL,C,70,205Michael Pineda,1/18/89,NULL,NYY,P,79,265Michael Roth,2/15/90,@mtRoth29,LAA,P,73,210Michael Saunders,11/19/86,NULL,SEA,CF,76,225Michael Taylor,12/19/85,@Taylor_Michael3,CHW,LF,77,255Michael Taylor,3/26/91,@Taylor_Michael3,WAS,CF,75,210Michael Tonkin,11/19/89,@mtonkin37,MIN,P,79,220Michael Wacha,7/1/91,@MichaelWacha,STL,P,78,210Miguel Cabrera,4/18/83,@MiguelCabrera,DET,1B,76,240Miguel Gonzalez,5/27/84,NULL,BAL,P,73,170Miguel Gonzalez,9/23/86,NULL,PHI,P,75,200Miguel Montero,7/9/83,@miggymont26,ARI,C,71,210Miguel Olivo,7/15/78,NULL,LAD,C,72,230Miguel Rojas,2/24/89,@MRojasOfficial,LAD,2B,72,150Mike Adams,7/29/78,NULL,PHI,P,77,210Mike Aviles,3/13/81,@Themikeaviles,CLE,2B,70,205Mike Baxter,12/7/84,NULL,LAD,LF,72,205Mike Bolsinger,1/29/88,@MBolsinger,ARI,P,74,210Mike Carp,6/30/86,@MikeCarp37,BOS,1B,74,210Mike Dunn,5/23/85,@DunnForAll40,MIA,P,72,210Mike Fiers,6/15/85,@Fiers64,MIL,P,74,190Mike Kickham,12/12/88,@mikekickham4,SF,P,76,220Mike Leake,11/12/87,@MikeLeake44,CIN,P,70,190Mike Minor,12/26/87,@MikeMinor36,ATL,P,76,210Mike Morin,5/3/91,@MrMoosh28,LAA,P,76,220Mike Morse,3/22/82,@Mcode38,SF,1B,77,245Mike Moustakas,9/11/88,@Mooose_8,KC,3B,72,195Mike Napoli,10/31/81,@MikeNapoli25,BOS,1B,72,220Mike Olt,8/27/88,@mike_olt,CHC,1B,74,210Mike Pelfrey,1/14/84,NULL,MIN,P,79,250Mike Trout,8/7/91,@Trouty20,LAA,CF,74,230Mike Zunino,3/25/91,NULL,SEA,C,74,220Miles Mikolas,8/23/88,@lastoneformiles,TEX,P,77,220Mitch Moreland,9/6/85,NULL,TEX,1B,74,230Moises Sierra,9/24/88,@MoisesSierra88,TOR,LF,73,220Mookie Betts,10/7/92,@mookiebetts,BOS,2B,69,155Munenori Kawasaki,6/3/81,@MKawasaki66,TOR,2B,71,175Nate Freiman,12/31/86,@natefreiman,OAK,1B,80,250Nate Jones,1/28/86,NULL,CHW,P,77,220Nate Karns,11/25/87,NULL,TB,P,75,230Nate McLouth,10/28/81,NULL,WAS,CF,70,190Nate Schierholtz,2/15/84,@NateSchierholtz,CHC,OF,74,215Nathan Adcock,2/25/88,NULL,TEX,P,76,235Nathan Eovaldi,2/13/90,NULL,MIA,P,74,215Neal Cotts,3/25/80,NULL,TEX,P,74,200Neftali Feliz,5/2/88,@NefFeliz,TEX,P,75,225Neftali Soto,2/28/89,@nsoto50,CIN,1B,73,215Neil Ramirez,5/25/89,@NAndrewRam,CHC,P,76,190Neil Wagner,1/1/84,NULL,TOR,P,72,215Neil Walker,9/10/85,@NeilWalker18,PIT,2B,75,210Nelson Cruz,7/1/80,@ncboomstick23,BAL,LF,74,230Nick Ahmed,3/15/90,@NickAhmed_,ARI,2B,75,205Nick Castellanos,3/4/92,@Ncastellano22,DET,3B,76,210Nick Christiani,7/17/87,NULL,CIN,P,72,190Nick Evans,1/30/86,NULL,ARI,1B,74,220Nick Franklin,3/2/91,@NickyFrankTB2,SEA,2B,73,195Nick Greenwood,9/28/87,NULL,STL,P,73,180Nick Hagadone,1/1/86,NULL,CLE,P,77,230Nick Hundley,9/8/83,NULL,SD,C,73,200Nick Markakis,11/17/83,NULL,BAL,1B,73,190Nick Maronde,9/5/89,@NickMaronde,LAA,P,75,205Nick Martinez,8/5/90,@nickmartinez10,TEX,P,73,175Nick Masset,5/17/82,NULL,COL,P,77,235Nick Punto,11/8/77,@Shredderpunto,OAK,2B,69,195Nick Swisher,11/25/80,@NickSwisher,CLE,1B,72,200Nick Tepesch,10/12/88,NULL,TEX,P,76,225Nick Tropeano,8/27/90,@PaPaTropeano,HOU,P,76,200Nick Vincent,7/12/86,@NickVincent50,SD,P,71,180Nolan Arenado,4/16/91,NULL,COL,3B,74,205Nolan Reimold,10/12/83,NULL,TOR,OF,76,205Nori Aoki,1/5/82,NULL,KC,LF,69,180Nyjer Morgan,7/2/80,@TheRealTPlush,CLE,CF,70,180Odrisamer Despaigne,4/4/87,@despa40,SD,P,72,195Oliver Perez,8/15/81,@ollieperez46,ARI,P,75,220Omar Infante,12/26/81,NULL,KC,2B,71,195Omar Quintanilla,10/24/81,NULL,NYM,2B,69,185Oscar Taveras,6/19/92,@el_fenomeno_18,STL,CF,74,200Oswaldo Arcia,5/9/91,@arciaoswaldo,MIN,OF,72,220Pablo Sandoval,8/11/86,@KFP48,SF,3B,71,245Paco Rodriguez,4/16/91,@PacoRodriguez77,LAD,P,75,220Pat McCoy,8/3/88,@Patmccoy92Mccoy,DET,P,75,220Pat Neshek,9/4/80,@PatNeshek,STL,P,75,210Paul Clemens,2/14/88,NULL,HOU,P,76,200Paul Goldschmidt,9/10/87,NULL,ARI,1B,75,245Paul Konerko,3/5/76,NULL,CHW,1B,74,220Paul Maholm,6/25/82,@paul_maholm,LAD,P,74,245Pedro Alvarez,2/6/87,NULL,PIT,1B,75,235Pedro Baez,3/11/88,NULL,LAD,P,74,230Pedro Beato,10/27/86,NULL,ATL,P,78,230Pedro Ciriaco,9/27/85,@Pc37Pedro,KC,2B,72,180Pedro Figueroa,11/23/85,NULL,TEX,P,72,215Pedro Florimon,12/10/86,NULL,MIN,SS,74,180Pedro Hernandez,4/12/89,NULL,COL,P,70,210Pedro Strop,6/13/85,NULL,CHC,P,73,220Pedro Villarreal,12/9/87,@pvillarreal14,CIN,P,73,230Pete Kozma,4/11/88,NULL,STL,2B,72,190Peter Bourjos,3/31/87,@PeterBourjos8,STL,CF,73,185Phil Coke,7/19/82,NULL,DET,P,73,210Phil Hughes,6/24/86,@PJHughes45,MIN,P,77,240Phil Irwin,2/25/87,NULL,TEX,P,75,210Phil Klein,4/30/89,@PhilKlein31,TEX,P,79,260Philip Gosselin,10/3/88,NULL,ATL,2B,73,200Phillippe Aumont,1/7/89,@P_Aumont17,PHI,P,79,260Preston Claiborne,1/21/88,@olroy57,NYY,P,74,225Preston Guilmet,7/27/87,NULL,BAL,P,74,200Prince Fielder,5/9/84,@RealPFielder28,TEX,1B,71,275Quintin Berry,11/21/84,NULL,BAL,CF,72,175R. A. Dickey,10/29/74,NULL,TOR,P,75,215R. J. Alvarez,6/8/91,NULL,SD,P,73,200Rafael Furcal,10/24/77,NULL,MIA,2B,68,195Rafael Lopez,10/2/87,NULL,CHC,C,69,190Rafael Montero,10/17/90,NULL,NYM,P,72,185Rafael Soriano,12/19/79,NULL,WAS,P,76,230Rafael Ynoa,8/7/87,@fans_ynoa,COL,2B,72,185Rajai Davis,10/19/80,@rajai11davis,DET,CF,69,195Ramiro Pena,7/18/85,@ramiropena,ATL,2B,71,200Ramon Ramirez,8/31/81,NULL,BAL,P,71,200Ramon Santiago,8/31/79,@Elhappy39,CIN,2B,71,175Randal Grichuk,8/13/91,@RGrich15,STL,CF,73,195Randall Delgado,2/9/90,@RandallDelgado,ARI,P,75,200Randy Choate,9/5/75,NULL,STL,P,73,205Randy Wolf,8/22/76,NULL,MIA,P,72,205Raul Ibanez,6/2/72,NULL,LAA,1B,74,225Raul Valdes,11/27/77,NULL,HOU,P,71,190Red Patterson,5/11/87,NULL,LAD,P,75,220Reed Johnson,12/8/76,NULL,MIA,CF,70,190Reid Brignac,1/16/86,@reidbrignac,PHI,2B,75,215Rene Rivera,7/31/83,@ReneRivera13,SD,1B,70,215Rex Brothers,12/18/87,NULL,COL,P,72,210Rich Hill,3/11/80,NULL,LAA,P,77,220Rick Porcello,12/27/88,@RickPorcello,DET,P,77,200Rickie Weeks,9/13/82,NULL,MIL,2B,70,220Ricky Nolasco,12/13/82,@RNolasco47,MIN,P,74,225Rob Rasmussen,4/2/89,@RasmussenRob,TOR,P,70,170Rob Scahill,2/15/87,@rscahill53,COL,P,74,220Rob Wooten,7/21/85,@RobWooten35,MIL,P,73,195Robbie Erlin,10/8/90,@robbieerlin27,SD,P,72,190Robbie Grossman,9/16/89,NULL,HOU,CF,72,195Robbie Ray,10/1/91,@robbieray22,DET,P,74,195Robbie Ross,6/24/89,@Ross_108,TEX,P,71,215Roberto Hernandez,8/30/80,NULL,PHI,P,76,230Roberto Perez,12/23/88,NULL,CLE,C,71,225Robinson Cano,10/22/82,@RobinsonCano,SEA,2B,72,210Robinson Chirinos,6/5/84,@robinson28ch,TEX,C,73,205Roenis Elias,8/1/88,@RoenisElias29,SEA,P,73,190Roger Bernadina,6/12/84,NULL,CIN,1B,74,200Roger Kieschnick,1/21/87,NULL,ARI,LF,75,220Roman Mendez,7/25/90,NULL,TEX,P,75,190Ronald Belisario,12/31/82,@rbelisario51,CHW,P,75,240Ronny Cedeno,2/2/83,NULL,PHI,3B,72,195Ross Detwiler,3/6/86,@RangerDet47,WAS,P,77,210Rougned Odor,2/3/94,@RougnedOdor,TEX,2B,71,170Rubby De La Rosa,3/4/89,@RubbyDelarosa,BOS,P,73,205Ruben Tejada,10/27/89,NULL,NYM,SS,71,200Rudy Owens,12/18/87,@Rudy_Owens,HOU,P,75,240Rusney Castillo,9/7/87,NULL,BOS,CF,68,186Russell Martin,2/15/83,@russellmartin55,PIT,C,70,215Ryan Braun,11/17/83,NULL,MIL,CF,74,200Ryan Buchter,2/13/87,NULL,ATL,P,75,240Ryan Cook,6/30/87,@ryancook_48,OAK,P,74,215Ryan Dennick,1/10/87,NULL,CIN,P,72,185Ryan Doumit,4/3/81,NULL,ATL,C,73,220Ryan Feierabend,8/22/85,NULL,TEX,P,75,225Ryan Flaherty,7/27/86,@RFlaherty3,BAL,1B,75,210Ryan Goins,2/13/88,@rgoins5,TOR,2B,70,185Ryan Hanigan,8/16/80,NULL,TB,C,72,210Ryan Howard,11/19/79,@ryanhoward,PHI,1B,76,250Ryan Kalish,3/28/88,@Ryan_Kalish,CHC,CF,72,215Ryan Lavarnway,8/7/87,@RyanLavarnway,BOS,1B,76,240Ryan Ludwick,7/13/78,NULL,CIN,LF,74,215Ryan Mattheus,11/10/83,@RyanMattheus,WAS,P,75,220Ryan Pressly,12/15/88,@pressly_ryan,MIN,P,75,205Ryan Raburn,4/17/81,@RyanRaburn9,CLE,1B,72,185Ryan Roberts,9/19/80,@RRoberts14,BOS,3B,71,185Ryan Rowland-Smith,1/26/83,@hyphen18,ARI,P,75,250Ryan Rua,3/11/90,@Rua_Numba_2,TEX,1B,74,205Ryan Sweeney,2/20/85,@RyanSweeney12,CHC,CF,76,225Ryan Vogelsong,7/22/77,NULL,SF,P,76,215Ryan Webb,2/5/86,@RyanWebb58,BAL,P,78,245Ryan Wheeler,7/10/88,@RyanGWheeler4,COL,1B,75,235Ryan Zimmerman,9/28/84,NULL,WAS,1B,75,220Rymer Liriano,6/20/91,@Rymerliriano,SD,OF,72,230Salvador Perez,5/10/90,@SalvadorPerez15,KC,C,75,240Sam Deduno,7/2/83,NULL,MIN,P,75,190Sam Dyson,5/7/88,NULL,MIA,P,73,205Sam Freeman,6/24/87,NULL,STL,P,71,165Sam Fuld,11/20/81,@SamFuld5,OAK,CF,70,175Sam LeCure,5/4/84,@mrLeCure,CIN,P,72,205Sam Tuivailala,10/19/92,@Stuivailala,STL,P,75,195Sandy Leon,3/13/89,@sandyleon41,WAS,C,70,220Santiago Casilla,7/25/80,NULL,SF,P,72,210Scooter Gennett,5/1/90,@Sgennett2,MIL,2B,70,170Scott Atchison,3/29/76,NULL,CLE,P,74,200Scott Baker,9/19/81,NULL,TEX,P,76,215Scott Carroll,9/24/84,@Scotty_Carroll,CHW,P,76,215Scott Downs,3/17/76,NULL,CHW,P,74,215Scott Elbert,8/13/85,NULL,LAD,P,74,225Scott Feldman,2/7/83,NULL,HOU,P,79,230Scott Hairston,5/25/80,@ScottieH12,WAS,LF,72,200Scott Kazmir,1/24/84,@scottkazmir19,OAK,P,72,185Scott Rice,9/21/81,@ScottRice56,NYM,P,78,225Scott Sizemore,1/4/85,@ScottSizemore29,NYY,1B,72,185Scott Snodgress,9/20/89,@s_snodgress,CHW,P,78,225Scott Van Slyke,7/24/86,@ScottVanSlick,LAD,1B,77,220Sean Burnett,9/17/82,NULL,LAA,P,73,180Sean Doolittle,9/26/86,@whatwouldDOOdo,OAK,P,75,210Sean Marshall,8/30/82,NULL,CIN,P,79,225Sean Nolin,12/26/89,@Sean_Nolin,TOR,P,76,230Sean O'Sullivan,9/1/87,NULL,PHI,P,73,240Sean Rodriguez,4/26/85,@SeanJRodriguez1,TB,1B,72,200Sergio Romo,3/4/83,@SergioRomo54,SF,P,70,185Sergio Santos,7/4/83,NULL,TOR,P,75,215Seth Maness,10/14/88,@Maness_43,STL,P,72,190Seth Rosin,11/2/88,@SethDanielRosin,TEX,P,78,265Seth Smith,9/30/82,NULL,SD,LF,75,210Shae Simmons,9/3/90,@shae_simmons,ATL,P,71,175Shane Greene,11/17/88,@sagreeney,NYY,P,76,210Shane Robinson,10/30/84,@SUGASHANE43,STL,CF,69,165Shane Victorino,11/30/80,@ShaneVictorino,BOS,OF,69,190Shawn Camp,11/18/75,NULL,PHI,P,73,205Shawn Kelley,4/26/84,@bakpak23,NYY,P,74,220Shawn O'Malley,12/28/87,NULL,LAA,2B,71,165Shawn Tolleson,1/19/88,@ShawnTolleson38,TEX,P,74,210Shelby Miller,10/10/90,@ShelbyMiller19,STL,P,75,215Shin-Soo Choo,7/13/82,NULL,TEX,LF,71,205Skip Schumaker,2/3/80,NULL,CIN,2B,70,195Sonny Gray,11/7/89,@SonnyGray2,OAK,P,71,195Spencer Patton,2/20/88,@SBPatton,TEX,P,73,185Starlin Castro,3/24/90,NULL,CHC,SS,72,190Starling Marte,10/9/88,@Starlingmart,PIT,CF,73,185Stefen Romero,10/17/88,@stefonson,SEA,LF,74,220Stephen Drew,3/16/83,NULL,BOS,SS,72,190Stephen Fife,10/4/86,@Stephen_Fife,LAD,P,75,220Stephen Pryor,7/23/89,NULL,SEA,P,76,245Stephen Strasburg,7/20/88,@stras37,WAS,P,76,230Stephen Vogt,11/1/84,@SVogt1229,OAK,1B,72,215Steve Cishek,6/18/86,@srSHREK31,MIA,P,78,215Steve Clevenger,4/5/86,NULL,BAL,1B,72,195Steve Delabar,7/17/83,@SteveDelabar_50,TOR,P,77,220Steve Geltz,11/1/87,NULL,TB,P,70,170Steve Lombardozzi,9/20/88,NULL,BAL,2B,72,200Steve Pearce,4/13/83,@WayneTwentyOcho,BAL,1B,71,210Steven Moya,8/9/91,@StevenMoya_67,DET,OF,78,230Steven Souza,4/24/89,@StevenSouzaJR,WAS,CF,76,225Steven Tolleson,11/1/83,@STolleson83,TOR,2B,71,185Steven Wright,8/30/84,@Knucklepuck23,BOS,P,73,220Stolmy Pimentel,2/1/90,NULL,PIT,P,75,230T. J. House,9/29/89,NULL,CLE,P,73,205T. J. McFarland,6/8/89,NULL,BAL,P,75,220Taijuan Walker,8/13/92,@tai_walker,SEA,P,76,230Tanner Roark,10/5/86,NULL,WAS,P,74,230Tanner Scheppers,1/17/87,NULL,TEX,P,76,200Taylor Hill,3/12/89,NULL,WAS,P,75,235Taylor Jordan,1/17/89,@TaylorJordan38,WAS,P,77,200Taylor Teagarden,12/21/83,@TAYTEA2,NYM,C,72,210Taylor Thompson,6/18/87,NULL,CHW,P,77,225Terrance Gore,6/8/91,@TGO7E,KC,LF,67,165Tim Collins,8/21/89,@Timcollins55,KC,P,67,170Tim Federowicz,8/5/87,@FedX19,LAD,C,70,215Tim Hudson,7/14/75,NULL,SF,P,73,175Tim Lincecum,6/15/84,@timlincecum,SF,P,71,170Tim Stauffer,6/2/82,NULL,SD,P,73,210Todd Frazier,2/12/86,@FlavaFraz21,CIN,1B,75,220Todd Redmond,5/17/85,NULL,TOR,P,75,240Tom Gorzelanny,7/12/82,@TGorz,MIL,P,75,210Tom Koehler,6/29/86,@TKREFRESH22,MIA,P,74,235Tom Wilhelmsen,12/16/83,NULL,SEA,P,78,220Tomas Telis,6/18/91,NULL,TEX,C,68,200Tommy Hunter,7/3/86,@tHunter29,BAL,P,75,260Tommy Kahnle,8/7/89,NULL,COL,P,73,230Tommy La Stella,1/31/89,@TommyLaStella,ATL,2B,71,185Tommy Layne,11/2/84,NULL,BOS,P,74,190Tommy Medica,4/9/88,@tmedica18,SD,1B,75,205Tommy Milone,2/16/87,@TommyMilone_57,OAK,P,72,205Tommy Pham,3/8/88,@TphamLV,STL,LF,73,175Tony Abreu,11/13/84,NULL,SF,2B,70,200Tony Campana,5/30/86,@Tcampana_24,ARI,CF,68,165Tony Cingrani,7/5/89,@Grani_13,CIN,P,76,215Tony Cruz,8/18/86,NULL,STL,1B,71,215Tony Gwynn,10/4/82,@tonygwynnjr,PHI,CF,72,190Tony Sanchez,5/20/88,@Tony26Montana,PIT,C,71,225Tony Sipp,7/12/83,@SippTony,HOU,LF,72,190Tony Watson,5/30/85,NULL,PIT,P,76,225Torii Hunter,7/18/75,@toriihunter48,DET,OF,74,225Travis d'Arnaud,2/10/89,@TdArnaud,NYM,C,74,210Travis Ishikawa,9/24/83,@TravisIshikawa,PIT,1B,75,220Travis Snider,2/2/88,@Lunchboxhero45,PIT,LF,72,235Travis Wood,2/6/87,NULL,CHC,P,71,175Trevor Bauer,1/17/91,@BauerOutage,CLE,P,73,190Trevor Bell,10/12/86,@trevbell22,CIN,P,74,205Trevor Cahill,3/1/88,NULL,ARI,P,76,220Trevor May,9/23/89,@Trevmay54,MIN,P,77,215Trevor Plouffe,6/15/86,@TPlouffe24,MIN,3B,74,205Trevor Rosenthal,5/29/90,@TrevRosenthal,STL,P,74,220Troy Patton,9/3/85,NULL,BAL,P,73,180Troy Tulowitzki,10/10/84,NULL,COL,SS,75,215Tsuyoshi Wada,2/21/81,NULL,CHC,P,71,180Tucker Barnhart,1/7/91,@Tucker_Barnhart,CIN,C,71,195Tuffy Gosewisch,8/17/83,@santiagosewisch,ARI,C,71,200Tyler Chatwood,12/16/89,NULL,COL,P,72,185Tyler Clippard,2/14/85,@TylerClippard,WAS,P,75,200Tyler Collins,6/6/90,@TylerCollins1,DET,CF,71,215Tyler Colvin,9/5/85,@Tylercolvin21,SF,CF,75,210Tyler Flowers,1/24/86,@TFlowers21,CHW,C,76,245Tyler Holt,3/10/89,@ItsTHoltBaby,CLE,CF,70,190Tyler Lyons,2/21/88,@Tyler_Lyons,STL,P,76,200Tyler Matzek,10/19/90,@TylerMatzek,COL,P,75,210Tyler Moore,1/30/87,@T_Mo12,WAS,1B,74,220Tyler Pastornicky,12/13/89,NULL,ATL,2B,71,180Tyler Skaggs,7/13/91,@TylerSkaggs37,LAA,P,76,215Tyler Thornburg,9/29/88,@TylerThornburg,MIL,P,71,190Tyson Ross,4/22/87,@TysonRoss,SD,P,77,225Ubaldo Jimenez,1/22/84,NULL,BAL,P,77,210Vance Worley,9/25/87,@VANIMAL_46,PIT,P,74,230Vic Black,5/23/88,@Vic_Black_2,NYM,P,76,210Victor Martinez,12/23/78,NULL,DET,1B,74,210Vidal Nuno,7/26/87,NULL,NYY,P,71,195Vin Mazzaro,9/27/86,NULL,PIT,P,74,220Vinnie Pestano,2/20/85,@VinnieP63,CLE,P,72,200Wade Davis,9/7/85,NULL,KC,P,77,220Wade LeBlanc,8/7/84,NULL,LAA,P,75,215Wade Miley,11/13/86,@wademiley20,ARI,P,72,220Wandy Rodriguez,1/18/79,NULL,PIT,P,71,195Wei-Chung Wang,4/25/92,@LeftyWang51,MIL,P,73,180Wei-Yin Chen,7/21/85,@WeiYinChen16,BAL,P,72,195Welington Castillo,4/24/87,NULL,CHC,C,70,210Wesley Wright,1/28/85,@realweswright,CHC,P,71,185Wil Myers,12/10/90,@wilmyers,TB,1B,75,205Wil Nieves,9/25/77,@WilNieves27,PHI,1B,71,190Wilfredo Tovar,8/11/91,@WTovar70,NYM,SS,70,180Wilin Rosario,2/23/89,@WilinRosario,COL,1B,71,220Wilking Rodriguez,3/2/90,NULL,KC,P,73,180Will Ferrell,7/16/67,\N,OAK,CF,75,220Will Harris,8/28/84,@willharris15,ARI,P,76,225Will Middlebrooks,9/9/88,@middlebrooks,BOS,1B,75,220Will Smith,7/10/89,@White_Willy31,MIL,P,77,250Will Venable,10/29/82,NULL,SD,CF,75,205Willie Bloomquist,11/27/77,@williebloom,SEA,1B,71,190Wilmer Flores,8/6/91,NULL,NYM,2B,75,205Wilson Ramos,8/10/87,@WRamosC3,WAS,C,72,235Wilton Lopez,7/19/83,@LopezWilton59,COL,P,72,200Wily Peralta,5/8/89,@WilyPeralta38,MIL,P,73,245Xander Bogaerts,10/1/92,@bogaerts_xander,BOS,3B,73,210Xavier Cedeno,8/26/86,NULL,WAS,P,72,205Xavier Nady,11/14/78,@RealXavierNady,SD,1B,74,215Xavier Paul,2/25/85,NULL,ARI,LF,69,205Xavier Scruggs,9/23/87,@Xavier_Scruggs,STL,1B,73,220Yadier Molina,7/13/82,@Yadimolina04,STL,1B,71,220Yan Gomes,7/19/87,@Yan_AGomes,CLE,C,74,215Yangervis Solarte,7/7/87,@Solarte26,NYY,2B,71,195Yasiel Puig,12/7/90,@YasielPuig,LAD,CF,75,235Yasmani Grandal,11/8/88,@yazmanianDVL08,SD,1B,74,225Yimi Garcia,8/18/90,NULL,LAD,P,73,175Yoenis Cespedes,10/18/85,@ynscspds,OAK,CF,70,210Yoervis Medina,7/27/88,NULL,SEA,P,75,245Yohan Flande,1/27/86,NULL,COL,P,74,180Yohan Pino,12/26/83,@PinoYohan,MIN,P,74,190Yonder Alonso,4/8/87,@YonderalonsoU,SD,1B,73,230Yordano Ventura,6/3/91,@YordanoVentura,KC,P,72,180Yorman Rodriguez,8/15/92,@yormanroro,CIN,CF,75,195Yoslan Herrera,4/28/81,NULL,LAA,P,74,200Yovani Gallardo,2/27/86,NULL,MIL,P,74,210Yu Darvish,8/16/86,@faridyu,TEX,P,77,215Yunel Escobar,11/2/82,NULL,TB,LF,74,215Yusmeiro Petit,11/22/84,@YPetit52,SF,P,73,250Zac Rosscup,6/9/88,@ZRosscup,CHC,P,74,205Zach Britton,12/22/87,@zbritton,BAL,P,75,195Zach Duke,4/19/83,@zach_duke,MIL,P,74,210Zach McAllister,12/8/87,@ZMac34,CLE,P,78,240Zach Putnam,7/3/87,NULL,CHW,P,74,225Zach Walters,9/5/89,@Zwalters02,WAS,2B,74,210Zach Wheeler,5/30/90,NULL,NYM,P,76,195Zack Cozart,8/12/85,NULL,CIN,SS,72,195Zack Greinke,10/21/83,NULL,LAD,P,74,195Zeke Spruill,9/11/89,@zekespruill,ARI,P,77,190Zelous Wheeler,1/16/87,@ZelousWheeler,NYY,3B,70,220Zoilo Almonte,6/10/89,@ZoiloAlmonte45,NYY,LF,72,205