nameLast,nameFirst,playerID,birthYear,birthMonth,birthDay,full_name,dob,player_user_id,abbrev,POS,height,weightAbad,Fernando,abadfe01,1985,12,17,Fernando Abad,12/17/85,NULL,NUL,P,73,220Abreu,Bobby,abreubo01,1974,3,11,Bobby Abreu,3/11/74,NULL,NUL,LF,72,220Abreu,Jose,abreujo02,1987,1,29,Jose Abreu,1/29/87,NULL,NUL,1B,75,255Abreu,Tony,abreuto01,1984,11,13,Tony Abreu,11/13/84,NULL,NUL,2B,70,200Aceves,Alfredo,aceveal01,1982,12,8,Alfredo Aceves,12/8/82,NULL,NUL,P,74,205Achter,A. J.,achteaj01,1988,8,27,A. J. Achter,8/27/88,NULL,NUL,P,77,205Ackley,Dustin,ackledu01,1988,2,26,Dustin Ackley,2/26/88,NULL,NUL,LF,73,195Adames,Cristhian,adamecr01,1991,7,26,Cristhian Adames,7/26/91,NULL,NUL,2B,72,180Adams,Austin,adamsau01,1986,8,19,Austin Adams,8/19/86,NULL,NUL,P,71,190Adams,Lane,adamsla01,1989,11,13,Lane Adams,11/13/89,NULL,NUL,CF,76,190Adams,Matt,adamsma01,1988,8,31,Matt Adams,8/31/88,NULL,NUL,1B,75,260Adams,Mike,adamsmi03,1978,7,29,Mike Adams,7/29/78,NULL,NUL,P,77,210Adcock,Nathan,adcocna01,1988,2,25,Nathan Adcock,2/25/88,NULL,NUL,P,76,235Adduci,Jim,adducji02,1985,5,15,Jim Adduci,5/15/85,NULL,NUL,1B,74,210Adrianza,Ehire,adriaeh01,1989,8,21,Ehire Adrianza,8/21/89,NULL,NUL,2B,73,170Affeldt,Jeremy,affelje01,1979,6,6,Jeremy Affeldt,6/6/79,NULL,NUL,P,76,225Aguilar,Jesus,aguilje01,1990,6,30,Jesus Aguilar,6/30/90,NULL,NUL,1B,75,250Ahmed,Nick,ahmedni01,1990,3,15,Nick Ahmed,3/15/90,NULL,NUL,2B,75,205Albers,Matt,alberma01,1983,1,20,Matt Albers,1/20/83,NULL,NUL,P,73,225Alburquerque,Al,albural01,1986,6,10,Al Alburquerque,6/10/86,NULL,NUL,P,72,195Alcantara,Arismendy,alcanar01,1991,10,29,Arismendy Alcantara,10/29/91,NULL,NUL,2B,70,170Allen,Cody,allenco01,1988,11,20,Cody Allen,11/20/88,NULL,NUL,P,73,210Almonte,Abraham,almonab01,1989,6,27,Abraham Almonte,6/27/89,NULL,NUL,CF,69,205Almonte,Zoilo,almonzo01,1989,6,10,Zoilo Almonte,6/10/89,NULL,NUL,LF,72,205Alonso,Yonder,alonsyo01,1987,4,8,Yonder Alonso,4/8/87,NULL,NUL,1B,73,230Altherr,Aaron,altheaa01,1991,1,14,Aaron Altherr,1/14/91,NULL,NUL,LF,77,220Altuve,Jose,altuvjo01,1990,5,6,Jose Altuve,5/6/90,NULL,NUL,2B,66,175Alvarez,Dario,alvarda01,1989,1,17,Dario Alvarez,1/17/89,NULL,NUL,P,73,170Alvarez,Henderson,alvarhe01,1990,4,18,Henderson Alvarez,4/18/90,NULL,NUL,P,72,205Alvarez,Jose,alvarjo02,1989,5,6,Jose Alvarez,5/6/89,NULL,NUL,P,71,180Alvarez,Pedro,alvarpe01,1987,2,6,Pedro Alvarez,2/6/87,NULL,NUL,1B,75,235Alvarez,R. J.,alvarrj01,1991,6,8,R. J. Alvarez,6/8/91,NULL,NUL,P,73,200Amarista,Alexi,amarial01,1989,4,6,Alexi Amarista,4/6/89,NULL,NUL,2B,66,150Ambriz,Hector,ambrihe01,1984,5,24,Hector Ambriz,5/24/84,NULL,NUL,P,74,235Anderson,Brett,anderbr04,1988,2,1,Brett Anderson,2/1/88,NULL,NUL,P,76,225Anderson,Chase,anderch01,1987,11,30,Chase Anderson,11/30/87,NULL,NUL,P,72,190Andrus,Elvis,andruel01,1988,8,26,Elvis Andrus,8/26/88,NULL,NUL,SS,72,200Anna,Dean,annade01,1986,11,24,Dean Anna,11/24/86,NULL,NUL,2B,71,180Aoki,Nori,aokino01,1982,1,5,Nori Aoki,1/5/82,NULL,NUL,LF,69,180Archer,Chris,archech01,1988,9,26,Chris Archer,9/26/88,NULL,NUL,P,75,190Arcia,Oswaldo,arciaos01,1991,5,9,Oswaldo Arcia,5/9/91,NULL,NUL,OF,72,220Arenado,Nolan,arenano01,1991,4,16,Nolan Arenado,4/16/91,NULL,NUL,3B,74,205Arencibia,J. P.,arencjp01,1986,1,5,J. P. Arencibia,1/5/86,NULL,NUL,1B,72,205Arias,Joaquin,ariasjo01,1984,9,21,Joaquin Arias,9/21/84,NULL,NUL,1B,73,165Arrieta,Jake,arrieja01,1986,3,6,Jake Arrieta,3/6/86,NULL,NUL,P,76,225Arroyo,Bronson,arroybr01,1977,2,24,Bronson Arroyo,2/24/77,NULL,NUL,P,75,195Arruebarrena,Erisbel,arrueer01,1990,3,25,Erisbel Arruebarrena,3/25/90,NULL,NUL,SS,72,200Asche,Cody,ascheco01,1990,6,30,Cody Asche,6/30/90,NULL,NUL,3B,73,200Atchison,Scott,atchisc01,1976,3,29,Scott Atchison,3/29/76,NULL,NUL,P,74,200Aumont,Phillippe,aumonph01,1989,1,7,Phillippe Aumont,1/7/89,NULL,NUL,P,79,260Avila,Alex,avilaal01,1987,1,29,Alex Avila,1/29/87,NULL,NUL,1B,71,210Avilan,Luis,avilalu01,1989,7,19,Luis Avilan,7/19/89,NULL,NUL,P,74,220Aviles,Mike,avilemi01,1981,3,13,Mike Aviles,3/13/81,NULL,NUL,2B,70,205Axelrod,Dylan,axelrdy01,1985,7,30,Dylan Axelrod,7/30/85,NULL,NUL,P,72,195Axford,John,axforjo01,1983,4,1,John Axford,4/1/83,NULL,NUL,P,77,220Aybar,Erick,aybarer01,1984,1,14,Erick Aybar,1/14/84,NULL,NUL,SS,70,180Badenhop,Burke,badenbu01,1983,2,8,Burke Badenhop,2/8/83,NULL,NUL,P,77,220Baez,Javier,baezja01,1992,12,1,Javier Baez,12/1/92,NULL,NUL,2B,72,190Baez,Pedro,baezpe01,1988,3,11,Pedro Baez,3/11/88,NULL,NUL,P,74,230Bailey,Homer,baileho02,1986,5,3,Homer Bailey,5/3/86,NULL,NUL,P,76,230Baker,Jeff,bakerje03,1981,6,21,Jeff Baker,6/21/81,NULL,NUL,1B,74,220Baker,John,bakerjo01,1981,1,20,John Baker,1/20/81,NULL,NUL,C,73,215Baker,Scott,bakersc02,1981,9,19,Scott Baker,9/19/81,NULL,NUL,P,76,215Balfour,Grant,balfogr01,1977,12,30,Grant Balfour,12/30/77,NULL,NUL,P,74,200Barmes,Clint,barmecl01,1979,3,6,Clint Barmes,3/6/79,NULL,NUL,1B,73,200Barnes,Brandon,barnebr02,1986,5,15,Brandon Barnes,5/15/86,NULL,NUL,CF,74,210Barney,Darwin,barneda01,1985,11,8,Darwin Barney,11/8/85,NULL,NUL,2B,70,185Barnes,Matt,barnema01,1990,6,17,Matt Barnes,6/17/90,NULL,NUL,P,76,205Barnhart,Tucker,barnhtu01,1991,1,7,Tucker Barnhart,1/7/91,NULL,NUL,C,71,195Barrett,Aaron,barreaa01,1988,1,2,Aaron Barrett,1/2/88,NULL,NUL,P,75,225Bartlett,Jason,bartlja01,1979,10,30,Jason Bartlett,10/30/79,NULL,NUL,LF,72,190Barton,Daric,bartoda02,1985,8,16,Daric Barton,8/16/85,NULL,NUL,1B,72,205Bass,Anthony,bassan01,1987,11,1,Anthony Bass,11/1/87,NULL,NUL,P,74,200Bassitt,Chris,bassich01,1989,2,22,Chris Bassitt,2/22/89,NULL,NUL,P,77,210Bastardo,Antonio,bastaan01,1985,9,21,Antonio Bastardo,9/21/85,NULL,NUL,P,71,200Bauer,Trevor,bauertr01,1991,1,17,Trevor Bauer,1/17/91,NULL,NUL,P,73,190Bautista,Jose,bautijo02,1980,10,19,Jose Bautista,10/19/80,NULL,NUL,1B,72,205Baxter,Mike,baxtemi01,1984,12,7,Mike Baxter,12/7/84,NULL,NUL,LF,72,205Beato,Pedro,beatope01,1986,10,27,Pedro Beato,10/27/86,NULL,NUL,P,78,230Beavan,Blake,beavabl01,1989,1,17,Blake Beavan,1/17/89,NULL,NUL,P,79,245Beckett,Josh,beckejo02,1980,5,15,Josh Beckett,5/15/80,NULL,NUL,P,77,230Beckham,Gordon,beckhgo01,1986,9,16,Gordon Beckham,9/16/86,NULL,NUL,2B,72,185Bedard,Erik,bedarer01,1979,3,5,Erik Bedard,3/5/79,NULL,NUL,P,73,200Bedrosian,Cam,bedroca01,1991,10,2,Cam Bedrosian,10/2/91,NULL,NUL,P,72,205Beeler,Dallas,beeleda01,1989,6,12,Dallas Beeler,6/12/89,NULL,NUL,P,77,210Beimel,Joe,beimejo01,1977,4,19,Joe Beimel,4/19/77,NULL,NUL,P,75,205Belisle,Matt,belisma01,1980,6,6,Matt Belisle,6/6/80,NULL,NUL,P,76,225Belisario,Ronald,belisro01,1982,12,31,Ronald Belisario,12/31/82,NULL,NUL,P,75,240Beliveau,Jeff,belivje01,1987,1,17,Jeff Beliveau,1/17/87,NULL,NUL,P,73,195Bell,Heath,bellhe01,1977,9,29,Heath Bell,9/29/77,NULL,NUL,P,75,250Bell,Trevor,belltr01,1986,10,12,Trevor Bell,10/12/86,NULL,NUL,P,74,205Belt,Brandon,beltbr01,1988,4,20,Brandon Belt,4/20/88,NULL,NUL,1B,77,220Beltre,Adrian,beltrad01,1979,4,7,Adrian Beltre,4/7/79,NULL,NUL,3B,71,220Beltran,Carlos,beltrca01,1977,4,24,Carlos Beltran,4/24/77,NULL,NUL,1B,73,210Benoit,Joaquin,benoijo01,1977,7,26,Joaquin Benoit,7/26/77,NULL,NUL,P,75,220Bergman,Christian,bergmch01,1988,5,4,Christian Bergman,5/4/88,NULL,NUL,P,73,180Bernadina,Roger,bernaro01,1984,6,12,Roger Bernadina,6/12/84,NULL,NUL,1B,74,200Bernier,Doug,bernido01,1980,6,24,Doug Bernier,6/24/80,NULL,NUL,2B,73,185Berry,Quintin,berryqu01,1984,11,21,Quintin Berry,11/21/84,NULL,NUL,CF,72,175Betances,Dellin,betande01,1988,3,23,Dellin Betances,3/23/88,NULL,NUL,P,80,260Bethancourt,Christian,bethach01,1991,9,2,Christian Bethancourt,9/2/91,NULL,NUL,C,74,205Bettis,Chad,bettich01,1989,4,26,Chad Bettis,4/26/89,NULL,NUL,P,73,200Betts,Mookie,bettsmo01,1992,10,7,Mookie Betts,10/7/92,NULL,NUL,2B,69,155Bianchi,Jeff,biancje01,1986,10,5,Jeff Bianchi,10/5/86,NULL,NUL,2B,71,185Billings,Bruce,billibr02,1985,11,18,Bruce Billings,11/18/85,NULL,NUL,P,72,210Blackmon,Charlie,blackch02,1986,7,1,Charlie Blackmon,7/1/86,NULL,NUL,CF,75,210Black,Vic,blackvi01,1988,5,23,Vic Black,5/23/88,NULL,NUL,P,76,210Blanco,Andres,blancan01,1984,4,11,Andres Blanco,4/11/84,NULL,NUL,2B,70,190Blanco,Gregor,blancgr01,1983,12,24,Gregor Blanco,12/24/83,NULL,NUL,CF,71,175Blanks,Kyle,blankky01,1986,9,11,Kyle Blanks,9/11/86,NULL,NUL,1B,78,265Blevins,Jerry,blevije01,1983,9,6,Jerry Blevins,9/6/83,NULL,NUL,P,78,185Bloomquist,Willie,bloomwi01,1977,11,27,Willie Bloomquist,11/27/77,NULL,NUL,1B,71,190Bochy,Brett,bochybr02,1987,8,27,Brett Bochy,8/27/87,NULL,NUL,P,74,200Boesch,Brennan,boescbr01,1985,4,12,Brennan Boesch,4/12/85,NULL,NUL,CF,76,235Bogaerts,Xander,bogaexa01,1992,10,1,Xander Bogaerts,10/1/92,NULL,NUL,3B,73,210Bolsinger,Mike,bolsimi01,1988,1,29,Mike Bolsinger,1/29/88,NULL,NUL,P,74,210Bonifacio,Emilio,bonifem01,1985,4,23,Emilio Bonifacio,4/23/85,NULL,NUL,2B,71,205Bonilla,Lisalverto,bonilli01,1990,6,18,Lisalverto Bonilla,6/18/90,NULL,NUL,P,72,175Bourgeois,Jason,bourgja01,1982,1,4,Jason Bourgeois,1/4/82,NULL,NUL,CF,69,190Bourjos,Peter,bourjpe01,1987,3,31,Peter Bourjos,3/31/87,NULL,NUL,CF,73,185Bour,Justin,bourju01,1988,5,28,Justin Bour,5/28/88,NULL,NUL,1B,76,250Bourn,Michael,bournmi01,1982,12,27,Michael Bourn,12/27/82,NULL,NUL,CF,70,180Boxberger,Brad,boxbebr01,1988,5,27,Brad Boxberger,5/27/88,NULL,NUL,P,74,220Boyer,Blaine,boyerbl01,1981,7,11,Blaine Boyer,7/11/81,NULL,NUL,P,75,225Brach,Brad,brachbr01,1986,4,12,Brad Brach,4/12/86,NULL,NUL,P,78,215Bradley,Jackie,bradlja02,1990,4,19,Jackie Bradley,4/19/90,NULL,NUL,CF,70,195Brantley,Michael,brantmi02,1987,5,15,Michael Brantley,5/15/87,NULL,NUL,CF,74,200Braun,Ryan,braunry02,1983,11,17,Ryan Braun,11/17/83,NULL,NUL,CF,74,200Brentz,Bryce,brentbr01,1988,12,30,Bryce Brentz,12/30/88,NULL,NUL,LF,72,210Breslow,Craig,breslcr01,1980,8,8,Craig Breslow,8/8/80,NULL,NUL,P,73,190Brignac,Reid,brignre01,1986,1,16,Reid Brignac,1/16/86,NULL,NUL,2B,75,215Britton,Drake,brittdr01,1989,5,22,Drake Britton,5/22/89,NULL,NUL,P,74,215Britton,Zach,brittza01,1987,12,22,Zach Britton,12/22/87,NULL,NUL,P,75,195Brooks,Aaron,brookaa01,1990,4,27,Aaron Brooks,4/27/90,NULL,NUL,P,76,220Brothers,Rex,brothre01,1987,12,18,Rex Brothers,12/18/87,NULL,NUL,P,72,210Brown,Andrew,brownan02,1984,9,10,Andrew Brown,9/10/84,NULL,NUL,LF,72,200Brown,Brooks,brownbr02,1985,6,20,Brooks Brown,6/20/85,NULL,NUL,P,75,205Brown,Corey,brownco01,1985,11,26,Corey Brown,11/26/85,NULL,NUL,OF,73,210Brown,Domonic,browndo01,1987,9,3,Domonic Brown,9/3/87,NULL,NUL,LF,77,230Brown,Gary,brownga02,1988,9,28,Gary Brown,9/28/88,NULL,NUL,CF,73,190Broxton,Jonathan,broxtjo01,1984,6,16,Jonathan Broxton,6/16/84,NULL,NUL,P,76,295Bruce,Jay,bruceja01,1987,4,3,Jay Bruce,4/3/87,NULL,NUL,1B,75,215Buchanan,David,buchada01,1989,5,11,David Buchanan,5/11/89,NULL,NUL,P,75,200Buchanan,Jake,buchaja01,1989,9,24,Jake Buchanan,9/24/89,NULL,NUL,P,72,235Buchholz,Clay,buchhcl01,1984,8,14,Clay Buchholz,8/14/84,NULL,NUL,P,75,190Buchter,Ryan,buchtry01,1987,2,13,Ryan Buchter,2/13/87,NULL,NUL,P,75,240Buck,John,buckjo01,1980,7,7,John Buck,7/7/80,NULL,NUL,1B,75,245Buckner,Billy,bucknbi02,1983,8,27,Billy Buckner,8/27/83,NULL,NUL,P,74,205Buehrle,Mark,buehrma01,1979,3,23,Mark Buehrle,3/23/79,NULL,NUL,P,74,240Bueno,Francisley,buenofr01,1981,3,5,Francisley Bueno,3/5/81,NULL,NUL,P,71,205Bumgarner,Madison,bumgama01,1989,8,1,Madison Bumgarner,8/1/89,NULL,NUL,P,77,235Burnett,A. J.,burneaj01,1977,1,3,A. J. Burnett,1/3/77,NULL,NUL,P,76,225Burnett,Sean,burnese01,1982,9,17,Sean Burnett,9/17/82,NULL,NUL,P,73,180Burns,Billy,burnsbi02,1989,8,30,Billy Burns,8/30/89,NULL,NUL,OF,69,180Burton,Jared,burtoja01,1981,6,2,Jared Burton,6/2/81,NULL,NUL,P,77,225Butera,Drew,buterdr01,1983,8,9,Drew Butera,8/9/83,NULL,NUL,1B,73,200Butler,Billy,butlebi03,1986,4,18,Billy Butler,4/18/86,NULL,NUL,1B,73,240Butler,Dan,butleda01,1986,10,17,Dan Butler,10/17/86,NULL,NUL,C,70,210Butler,Eddie,butleed01,1991,3,13,Eddie Butler,3/13/91,NULL,NUL,P,74,180Butler,Joey,butlejo04,1986,3,12,Joey Butler,3/12/86,NULL,NUL,OF,74,220Butler,Keith,butleke01,1989,1,30,Keith Butler,1/30/89,NULL,NUL,P,72,170Byrd,Marlon,byrdma01,1977,8,30,Marlon Byrd,8/30/77,NULL,NUL,OF,72,245Cabral,Cesar,cabrace01,1989,2,11,Cesar Cabral,2/11/89,NULL,NUL,P,75,250Cabrera,Asdrubal,cabreas01,1985,11,13,Asdrubal Cabrera,11/13/85,NULL,NUL,SS,72,205Cabrera,Everth,cabreev01,1986,11,17,Everth Cabrera,11/17/86,NULL,NUL,SS,70,190Cabrera,Melky,cabreme01,1984,8,11,Melky Cabrera,8/11/84,NULL,NUL,CF,70,210Cabrera,Miguel,cabremi01,1983,4,18,Miguel Cabrera,4/18/83,NULL,NUL,1B,76,240Cahill,Trevor,cahiltr01,1988,3,1,Trevor Cahill,3/1/88,NULL,NUL,P,76,220Cain,Lorenzo,cainlo01,1986,4,13,Lorenzo Cain,4/13/86,NULL,NUL,CF,74,205Cain,Matt,cainma01,1984,10,1,Matt Cain,10/1/84,NULL,NUL,P,75,230Calhoun,Kole,calhoko01,1987,10,14,Kole Calhoun,10/14/87,NULL,NUL,1B,70,200Callaspo,Alberto,callaal01,1983,4,19,Alberto Callaspo,4/19/83,NULL,NUL,1B,69,225Caminero,Arquimedes,caminar01,1987,6,16,Arquimedes Caminero,6/16/87,NULL,NUL,P,76,250Campana,Tony,campato01,1986,5,30,Tony Campana,5/30/86,NULL,NUL,CF,68,165Campbell,Eric,campber01,1987,4,9,Eric Campbell,4/9/87,NULL,NUL,1B,75,205Campos,Leonel,campole01,1987,7,17,Leonel Campos,7/17/87,NULL,NUL,P,75,185Camp,Shawn,campsh01,1975,11,18,Shawn Camp,11/18/75,NULL,NUL,P,73,205Cano,Robinson,canoro01,1982,10,22,Robinson Cano,10/22/82,NULL,NUL,2B,72,210Capps,Carter,cappsca01,1990,8,7,Carter Capps,8/7/90,NULL,NUL,P,76,230Capuano,Chris,capuach01,1978,8,19,Chris Capuano,8/19/78,NULL,NUL,P,75,215Carlyle,Buddy,carlybu01,1977,12,21,Buddy Carlyle,12/21/77,NULL,NUL,P,75,210Hernandez,Roberto,carmofa01,1980,8,30,Roberto Hernandez,8/30/80,NULL,NUL,P,76,230Carpenter,David,carpeda01,1985,7,15,David Carpenter,7/15/85,NULL,NUL,P,74,230Carpenter,David,carpeda02,1987,9,1,David Carpenter,9/1/87,NULL,NUL,P,75,180Carpenter,Matt,carpema01,1985,11,26,Matt Carpenter,11/26/85,NULL,NUL,3B,75,215Carp,Mike,carpmi01,1986,6,30,Mike Carp,6/30/86,NULL,NUL,1B,74,210Carrasco,Carlos,carraca01,1987,3,21,Carlos Carrasco,3/21/87,NULL,NUL,P,75,210Carrera,Ezequiel,carreez01,1987,6,11,Ezequiel Carrera,6/11/87,NULL,NUL,CF,70,185Carroll,Scott,carrosc02,1984,9,24,Scott Carroll,9/24/84,NULL,NUL,P,76,215Carter,Chris,cartech02,1986,12,18,Chris Carter,12/18/86,NULL,NUL,1B,76,250Casali,Curt,casalcu01,1988,11,9,Curt Casali,11/9/88,NULL,NUL,C,74,225Cashner,Andrew,cashnan01,1986,9,11,Andrew Cashner,9/11/86,NULL,NUL,LF,78,220Casilla,Alexi,casilal01,1984,7,20,Alexi Casilla,7/20/84,NULL,NUL,2B,69,170Castellanos,Nick,casteni01,1992,3,4,Nick Castellanos,3/4/92,NULL,NUL,3B,76,210Castillo,Rusney,castiru01,1987,9,7,Rusney Castillo,9/7/87,NULL,NUL,CF,68,186Castillo,Welington,castiwe01,1987,4,24,Welington Castillo,4/24/87,NULL,NUL,C,70,210Castro,Jason,castrja01,1987,6,18,Jason Castro,6/18/87,NULL,NUL,C,75,215Castro,Starlin,castrst01,1990,3,24,Starlin Castro,3/24/90,NULL,NUL,SS,72,190Cecchini,Garin,cecchga01,1991,4,20,Garin Cecchini,4/20/91,NULL,NUL,3B,75,220Cecil,Brett,cecilbr01,1986,7,2,Brett Cecil,7/2/86,NULL,NUL,P,75,220Cedeno,Ronny,cedenro02,1983,2,2,Ronny Cedeno,2/2/83,NULL,NUL,3B,72,195Cedeno,Xavier,cedenxa01,1986,8,26,Xavier Cedeno,8/26/86,NULL,NUL,P,72,205Centeno,Juan,centeju01,1989,11,16,Juan Centeno,11/16/89,NULL,NUL,C,69,195Cervelli,Francisco,cervefr01,1986,3,6,Francisco Cervelli,3/6/86,NULL,NUL,1B,73,205Cespedes,Yoenis,cespeyo01,1985,10,18,Yoenis Cespedes,10/18/85,NULL,NUL,CF,70,210Chacin,Jhoulys,chacijh01,1988,1,7,Jhoulys Chacin,1/7/88,NULL,NUL,P,75,215Chafin,Andrew,chafian01,1990,6,17,Andrew Chafin,6/17/90,NULL,NUL,P,74,220Chamberlain,Joba,chambjo03,1985,9,23,Joba Chamberlain,9/23/85,NULL,NUL,P,74,250Chapman,Aroldis,chapmar01,1988,2,28,Aroldis Chapman,2/28/88,NULL,NUL,P,76,205Chapman,Kevin,chapmke02,1988,2,19,Kevin Chapman,2/19/88,NULL,NUL,P,75,225Chatwood,Tyler,chatwty01,1989,12,16,Tyler Chatwood,12/16/89,NULL,NUL,P,72,185Chavez,Endy,chaveen01,1978,2,7,Endy Chavez,2/7/78,NULL,NUL,CF,71,170Chavez,Eric,chaveer01,1977,12,7,Eric Chavez,12/7/77,NULL,NUL,3B,73,215Chavez,Jesse,chaveje01,1983,8,21,Jesse Chavez,8/21/83,NULL,NUL,P,74,160Chen,Bruce,chenbr01,1977,6,19,Bruce Chen,6/19/77,NULL,NUL,P,74,215Chen,Wei-Yin,chenwe02,1985,7,21,Wei-Yin Chen,7/21/85,NULL,NUL,P,72,195Chirinos,Robinson,chiriro01,1984,6,5,Robinson Chirinos,6/5/84,NULL,NUL,C,73,205Chisenhall,Lonnie,chiselo01,1988,10,4,Lonnie Chisenhall,10/4/88,NULL,NUL,1B,74,190Choate,Randy,choatra01,1975,9,5,Randy Choate,9/5/75,NULL,NUL,P,73,205Choice,Michael,choicmi01,1989,11,10,Michael Choice,11/10/89,NULL,NUL,CF,72,215Choo,Shin-Soo,choosh01,1982,7,13,Shin-Soo Choo,7/13/82,NULL,NUL,LF,71,205Christiani,Nick,chrisni01,1987,7,17,Nick Christiani,7/17/87,NULL,NUL,P,72,190Cingrani,Tony,cingrto01,1989,7,5,Tony Cingrani,7/5/89,NULL,NUL,P,76,215Ciriaco,Pedro,ciriape01,1985,9,27,Pedro Ciriaco,9/27/85,NULL,NUL,2B,72,180Cishek,Steve,cishest01,1986,6,18,Steve Cishek,6/18/86,NULL,NUL,P,78,215Cisnero,Jose,cisnejo01,1989,4,11,Jose Cisnero,4/11/89,NULL,NUL,P,75,245Claiborne,Preston,claibpr01,1988,1,21,Preston Claiborne,1/21/88,NULL,NUL,P,74,225Clark,Matt,clarkma02,1986,12,10,Matt Clark,12/10/86,NULL,NUL,1B,77,230Claudio,Alex,claudal01,1992,1,31,Alex Claudio,1/31/92,NULL,NUL,P,75,160Clemens,Paul,clemepa02,1988,2,14,Paul Clemens,2/14/88,NULL,NUL,P,76,200Cleto,Maikel,cletoma01,1989,5,1,Maikel Cleto,5/1/89,NULL,NUL,P,75,250Clevenger,Steve,clevest01,1986,4,5,Steve Clevenger,4/5/86,NULL,NUL,1B,72,195Clippard,Tyler,clippty01,1985,2,14,Tyler Clippard,2/14/85,NULL,NUL,P,75,200Cobb,Alex,cobbal01,1987,10,7,Alex Cobb,10/7/87,NULL,NUL,P,75,200Coghlan,Chris,coghlch01,1985,6,18,Chris Coghlan,6/18/85,NULL,NUL,LF,72,195Coke,Phil,cokeph01,1982,7,19,Phil Coke,7/19/82,NULL,NUL,P,73,210Colabello,Chris,colabch01,1983,10,24,Chris Colabello,10/24/83,NULL,NUL,1B,76,220Cole,Gerrit,colege01,1990,9,8,Gerrit Cole,9/8/90,NULL,NUL,P,76,240Coleman,Casey,colemca01,1987,7,3,Casey Coleman,7/3/87,NULL,NUL,P,72,185Coleman,Louis,colemlo01,1986,4,4,Louis Coleman,4/4/86,NULL,NUL,P,76,205Collins,Tim,colliti01,1989,8,21,Tim Collins,8/21/89,NULL,NUL,P,67,170Collins,Tyler,collity01,1990,6,6,Tyler Collins,6/6/90,NULL,NUL,CF,71,215Collmenter,Josh,collmjo01,1986,2,7,Josh Collmenter,2/7/86,NULL,NUL,P,76,235Colome,Alex,colomal01,1988,12,31,Alex Colome,12/31/88,NULL,NUL,P,74,210Colon,Bartolo,colonba01,1973,5,24,Bartolo Colon,5/24/73,NULL,NUL,P,71,285Colon,Christian,colonch01,1989,5,14,Christian Colon,5/14/89,NULL,NUL,2B,70,190Colvin,Tyler,colvity01,1985,9,5,Tyler Colvin,9/5/85,NULL,NUL,CF,75,210Conger,Hank,congeha01,1988,1,29,Hank Conger,1/29/88,NULL,NUL,C,74,220Conrad,Brooks,conrabr01,1980,1,16,Brooks Conrad,1/16/80,NULL,NUL,2B,70,190Constanza,Jose,constjo01,1983,9,1,Jose Constanza,9/1/83,NULL,NUL,LF,69,185Contreras,Carlos,contrca01,1991,1,8,Carlos Contreras,1/8/91,NULL,NUL,P,71,205Cook,Ryan,cookry01,1987,6,30,Ryan Cook,6/30/87,NULL,NUL,P,74,215Corcino,Daniel,corcida01,1990,8,26,Daniel Corcino,8/26/90,NULL,NUL,P,71,210Cordier,Erik,cordier01,1986,2,25,Erik Cordier,2/25/86,NULL,NUL,P,76,250Corporan,Carlos,corpoca01,1984,1,7,Carlos Corporan,1/7/84,NULL,NUL,C,74,245Correia,Kevin,correke01,1980,8,24,Kevin Correia,8/24/80,NULL,NUL,P,75,200Cosart,Jarred,cosarja01,1990,5,25,Jarred Cosart,5/25/90,NULL,NUL,P,75,195Cotts,Neal,cottsne01,1980,3,25,Neal Cotts,3/25/80,NULL,NUL,P,74,200Coulombe,Daniel,couloda01,1989,10,26,Daniel Coulombe,10/26/89,NULL,NUL,P,70,185Cowgill,Collin,cowgico01,1986,5,22,Collin Cowgill,5/22/86,NULL,NUL,CF,69,185Cozart,Zack,cozarza01,1985,8,12,Zack Cozart,8/12/85,NULL,NUL,SS,72,195Craig,Allen,craigal01,1984,7,18,Allen Craig,7/18/84,NULL,NUL,1B,74,215Crawford,Brandon,crawfbr01,1987,1,21,Brandon Crawford,1/21/87,NULL,NUL,SS,74,215Crawford,Carl,crawfca02,1981,8,5,Carl Crawford,8/5/81,NULL,NUL,LF,74,225Crisp,Coco,crispco01,1979,11,1,Coco Crisp,11/1/79,NULL,NUL,CF,70,185Crockett,Kyle,crockky01,1991,12,15,Kyle Crockett,12/15/91,NULL,NUL,P,74,170Cron,C. J.,croncj01,1990,1,5,C. J. Cron,1/5/90,NULL,NUL,1B,76,235Crow,Aaron,crowaa01,1986,11,10,Aaron Crow,11/10/86,NULL,NUL,P,75,195Cruz,Nelson,cruzne02,1980,7,1,Nelson Cruz,7/1/80,NULL,NUL,LF,74,230Cruz,Tony,cruzto03,1986,8,18,Tony Cruz,8/18/86,NULL,NUL,1B,71,215Cuddyer,Michael,cuddymi01,1979,3,27,Michael Cuddyer,3/27/79,NULL,NUL,1B,74,220Cueto,Johnny,cuetojo01,1986,2,15,Johnny Cueto,2/15/86,NULL,NUL,P,71,215Culberson,Charlie,culbech01,1989,4,10,Charlie Culberson,4/10/89,NULL,NUL,1B,72,200Cumpton,Brandon,cumptbr01,1988,11,16,Brandon Cumpton,11/16/88,NULL,NUL,P,74,220Daley,Matt,daleyma01,1982,6,23,Matt Daley,6/23/82,NULL,NUL,P,74,180Danks,John,danksjo01,1985,4,15,John Danks,4/15/85,NULL,NUL,P,73,210Danks,Jordan,danksjo02,1986,8,7,Jordan Danks,8/7/86,NULL,NUL,CF,76,215d'Arnaud,Chase,darnach01,1987,1,21,Chase d'Arnaud,1/21/87,NULL,NUL,SS,73,205d'Arnaud,Travis,darnatr01,1989,2,10,Travis d'Arnaud,2/10/89,NULL,NUL,C,74,210Darnell,Logan,darnelo01,1989,2,2,Logan Darnell,2/2/89,NULL,NUL,P,74,210Darvish,Yu,darviyu01,1986,8,16,Yu Darvish,8/16/86,NULL,NUL,P,77,215Davis,Chris,davisch02,1986,3,17,Chris Davis,3/17/86,NULL,NUL,1B,75,230Davis,Ike,davisik02,1987,3,22,Ike Davis,3/22/87,NULL,NUL,1B,76,220Davis,Khris,daviskh01,1987,12,21,Khris Davis,12/21/87,NULL,NUL,LF,71,190Davis,Rajai,davisra01,1980,10,19,Rajai Davis,10/19/80,NULL,NUL,CF,69,195Davis,Wade,daviswa01,1985,9,7,Wade Davis,9/7/85,NULL,NUL,P,77,220De Aza,Alejandro,deazaal01,1984,4,11,Alejandro De Aza,4/11/84,NULL,NUL,CF,72,195Decker,Jaff,deckeja01,1990,2,23,Jaff Decker,2/23/90,NULL,NUL,LF,69,190Deduno,Sam,dedunsa01,1983,7,2,Sam Deduno,7/2/83,NULL,NUL,P,75,190De Fratus,Justin,defraju01,1987,10,21,Justin De Fratus,10/21/87,NULL,NUL,P,76,225deGrom,Jacob,degroja01,1988,6,19,Jacob deGrom,6/19/88,NULL,NUL,P,76,180DeJesus,David,dejesda01,1979,12,20,David DeJesus,12/20/79,NULL,NUL,CF,71,190Delabar,Steve,delabst01,1983,7,17,Steve Delabar,7/17/83,NULL,NUL,P,77,220De La Rosa,Dane,delarda01,1983,2,1,Dane De La Rosa,2/1/83,NULL,NUL,P,79,245De La Rosa,Eury,delareu01,1990,2,24,Eury De La Rosa,2/24/90,NULL,NUL,P,69,165De La Rosa,Jorge,delarjo01,1981,4,5,Jorge De La Rosa,4/5/81,NULL,NUL,P,73,215De La Rosa,Rubby,delarru01,1989,3,4,Rubby De La Rosa,3/4/89,NULL,NUL,P,73,205De Leon,Jorge,deleojo02,1987,8,15,Jorge De Leon,8/15/87,NULL,NUL,P,72,185Delgado,Randall,delgara01,1990,2,9,Randall Delgado,2/9/90,NULL,NUL,P,75,200den Dekker,Matt,dendema01,1987,8,10,Matt den Dekker,8/10/87,NULL,NUL,CF,73,210Dennick,Ryan,denniry01,1987,1,10,Ryan Dennick,1/10/87,NULL,NUL,P,72,185Denorfia,Chris,denorch01,1980,7,15,Chris Denorfia,7/15/80,NULL,NUL,CF,72,195Descalso,Daniel,descada01,1986,10,19,Daniel Descalso,10/19/86,NULL,NUL,1B,70,190DeSclafani,Anthony,desclan01,1990,4,18,Anthony DeSclafani,4/18/90,NULL,NUL,P,73,190Desmond,Ian,desmoia01,1985,9,20,Ian Desmond,9/20/85,NULL,NUL,SS,75,215Despaigne,Odrisamer,despaod01,1987,4,4,Odrisamer Despaigne,4/4/87,NULL,NUL,P,72,195Detwiler,Ross,detwiro01,1986,3,6,Ross Detwiler,3/6/86,NULL,NUL,P,77,210Diaz,Jairo,diazja01,1991,5,27,Jairo Diaz,5/27/91,NULL,NUL,P,72,195Diaz,Jonathan,diazjo02,1985,4,10,Jonathan Diaz,4/10/85,NULL,NUL,2B,69,155Diaz,Jumbo,diazju03,1984,2,27,Jumbo Diaz,2/27/84,NULL,NUL,P,76,315Dickerson,Chris,dickech01,1982,4,10,Chris Dickerson,4/10/82,NULL,NUL,CF,76,230Dickerson,Corey,dickeco01,1989,5,22,Corey Dickerson,5/22/89,NULL,NUL,CF,73,205Dickey,R. A.,dickera01,1974,10,29,R. A. Dickey,10/29/74,NULL,NUL,P,75,215Diekman,Jake,diekmja01,1987,1,21,Jake Diekman,1/21/87,NULL,NUL,P,76,200Dietrich,Derek,dietrde01,1989,7,18,Derek Dietrich,7/18/89,NULL,NUL,2B,72,205Dobbs,Greg,dobbsgr01,1978,7,2,Greg Dobbs,7/2/78,NULL,NUL,1B,73,205Dominguez,Chris,dominch01,1986,11,22,Chris Dominguez,11/22/86,NULL,NUL,3B,76,235Dominguez,Jose,dominjo01,1990,8,7,Jose Dominguez,8/7/90,NULL,NUL,P,72,200Dominguez,Matt,dominma01,1989,8,28,Matt Dominguez,8/28/89,NULL,NUL,3B,73,215Donaldson,Josh,donaljo02,1985,12,8,Josh Donaldson,12/8/85,NULL,NUL,3B,72,220Doolittle,Sean,doolise01,1986,9,26,Sean Doolittle,9/26/86,NULL,NUL,P,75,210Doubront,Felix,doubrfe01,1987,10,23,Felix Doubront,10/23/87,NULL,NUL,P,74,225Doumit,Ryan,doumiry01,1981,4,3,Ryan Doumit,4/3/81,NULL,NUL,C,73,220Downs,Darin,downsda02,1984,12,26,Darin Downs,12/26/84,NULL,NUL,P,75,210Downs,Scott,downssc01,1976,3,17,Scott Downs,3/17/76,NULL,NUL,P,74,215Dozier,Brian,doziebr01,1987,5,15,Brian Dozier,5/15/87,NULL,NUL,2B,71,190Drabek,Kyle,drabeky01,1987,12,8,Kyle Drabek,12/8/87,NULL,NUL,P,74,205Drew,Stephen,drewst01,1983,3,16,Stephen Drew,3/16/83,NULL,NUL,SS,72,190Duda,Lucas,dudalu01,1986,2,3,Lucas Duda,2/3/86,NULL,NUL,1B,76,255Duensing,Brian,duensbr01,1983,2,22,Brian Duensing,2/22/83,NULL,NUL,P,72,205Duffy,Danny,duffyda01,1988,12,21,Danny Duffy,12/21/88,NULL,NUL,P,75,205Duffy,Matt,duffyma01,1991,1,15,Matt Duffy,1/15/91,NULL,NUL,2B,74,170Duke,Zach,dukeza01,1983,4,19,Zach Duke,4/19/83,NULL,NUL,P,74,210Dunn,Adam,dunnad01,1979,11,9,Adam Dunn,11/9/79,NULL,NUL,1B,78,285Dunning,Jake,dunnija01,1988,8,12,Jake Dunning,8/12/88,NULL,NUL,P,76,190Dunn,Mike,dunnmi01,1985,5,23,Mike Dunn,5/23/85,NULL,NUL,P,72,210Duvall,Adam,duvalad01,1988,9,4,Adam Duvall,9/4/88,NULL,NUL,1B,73,205Dyson,Jarrod,dysonja01,1984,8,15,Jarrod Dyson,8/15/84,NULL,NUL,CF,70,160Dyson,Sam,dysonsa01,1988,5,7,Sam Dyson,5/7/88,NULL,NUL,P,73,205Eaton,Adam,eatonad02,1988,12,6,Adam Eaton,12/6/88,NULL,NUL,CF,68,185Edgin,Josh,edginjo01,1986,12,17,Josh Edgin,12/17/86,NULL,NUL,P,73,245Edwards,Jon,edwarjo02,1988,1,8,Jon Edwards,1/8/88,NULL,NUL,P,77,230Elbert,Scott,elbersc01,1985,8,13,Scott Elbert,8/13/85,NULL,NUL,P,74,225Elias,Roenis,eliasro01,1988,8,1,Roenis Elias,8/1/88,NULL,NUL,P,73,190Ellis,A. J.,ellisaj01,1981,4,9,A. J. Ellis,4/9/81,NULL,NUL,C,75,220Ellis,Mark,ellisma01,1977,6,6,Mark Ellis,6/6/77,NULL,NUL,1B,70,190Ellsbury,Jacoby,ellsbja01,1983,9,11,Jacoby Ellsbury,9/11/83,NULL,NUL,CF,73,195Elmore,Jake,elmorja01,1987,6,15,Jake Elmore,6/15/87,NULL,NUL,2B,69,185Encarnacion,Edwin,encared01,1983,1,7,Edwin Encarnacion,1/7/83,NULL,NUL,1B,73,230Eovaldi,Nathan,eovalna01,1990,2,13,Nathan Eovaldi,2/13/90,NULL,NUL,P,74,215Erlin,Robbie,erlinro01,1990,10,8,Robbie Erlin,10/8/90,NULL,NUL,P,72,190Escobar,Alcides,escobal02,1986,12,16,Alcides Escobar,12/16/86,NULL,NUL,SS,73,185Escobar,Eduardo,escobed01,1989,1,5,Eduardo Escobar,1/5/89,NULL,NUL,2B,70,175Escobar,Edwin,escobed02,1992,4,22,Edwin Escobar,4/22/92,NULL,NUL,P,73,185Escobar,Yunel,escobyu01,1982,11,2,Yunel Escobar,11/2/82,NULL,NUL,LF,74,215Espinosa,Danny,espinda01,1987,4,25,Danny Espinosa,4/25/87,NULL,NUL,2B,72,205Estrada,Marco,estrama01,1983,7,5,Marco Estrada,7/5/83,NULL,NUL,P,72,200Ethier,Andre,ethiean01,1982,4,10,Andre Ethier,4/10/82,NULL,NUL,1B,74,200Evans,Nick,evansni01,1986,1,30,Nick Evans,1/30/86,NULL,NUL,1B,74,220Eveland,Dana,evelada01,1983,10,29,Dana Eveland,10/29/83,NULL,NUL,P,73,235Falu,Irving,faluir01,1983,6,6,Irving Falu,6/6/83,NULL,NUL,3B,70,180Familia,Jeurys,familje01,1989,10,10,Jeurys Familia,10/10/89,NULL,NUL,P,75,240Farmer,Buck,farmebu01,1991,2,20,Buck Farmer,2/20/91,NULL,NUL,P,76,225Farnsworth,Kyle,farnsky01,1976,4,14,Kyle Farnsworth,4/14/76,NULL,NUL,P,76,230Farquhar,Danny,farquda01,1987,2,17,Danny Farquhar,2/17/87,NULL,NUL,P,69,185Federowicz,Tim,federti01,1987,8,5,Tim Federowicz,8/5/87,NULL,NUL,C,70,215Feierabend,Ryan,feierry01,1985,8,22,Ryan Feierabend,8/22/85,NULL,NUL,P,75,225Feldman,Scott,feldmsc01,1983,2,7,Scott Feldman,2/7/83,NULL,NUL,P,79,230Feliz,Neftali,felizne01,1988,5,2,Neftali Feliz,5/2/88,NULL,NUL,P,75,225Fernandez,Jose,fernajo02,1992,7,31,Jose Fernandez,7/31/92,NULL,NUL,P,74,225Fields,Josh,fieldjo03,1985,8,19,Josh Fields,8/19/85,NULL,NUL,P,72,190Fielder,Prince,fieldpr01,1984,5,9,Prince Fielder,5/9/84,NULL,NUL,1B,71,275Fien,Casey,fienca01,1983,10,21,Casey Fien,10/21/83,NULL,NUL,P,74,205Fiers,Mike,fiersmi01,1985,6,15,Mike Fiers,6/15/85,NULL,NUL,P,74,190Fife,Stephen,fifest01,1986,10,4,Stephen Fife,10/4/86,NULL,NUL,P,75,220Figaro,Alfredo,figaral01,1984,7,7,Alfredo Figaro,7/7/84,NULL,NUL,P,72,190Figgins,Chone,figgich01,1978,1,22,Chone Figgins,1/22/78,NULL,NUL,2B,68,180Figueroa,Cole,figueco01,1987,6,30,Cole Figueroa,6/30/87,NULL,NUL,2B,70,175Figueroa,Pedro,figuepe01,1985,11,23,Pedro Figueroa,11/23/85,NULL,NUL,P,72,215Finnegan,Brandon,finnebr01,1993,4,14,Brandon Finnegan,4/14/93,NULL,NUL,P,71,185Fister,Doug,fistedo01,1984,2,4,Doug Fister,2/4/84,NULL,NUL,P,80,210Flaherty,Ryan,flahery01,1986,7,27,Ryan Flaherty,7/27/86,NULL,NUL,1B,75,210Flande,Yohan,flandyo01,1986,1,27,Yohan Flande,1/27/86,NULL,NUL,P,74,180Flores,Wilmer,florewi01,1991,8,6,Wilmer Flores,8/6/91,NULL,NUL,2B,75,205Florimon,Pedro,floripe01,1986,12,10,Pedro Florimon,12/10/86,NULL,NUL,SS,74,180Flowers,Tyler,flowety01,1986,1,24,Tyler Flowers,1/24/86,NULL,NUL,C,76,245Floyd,Gavin,floydga01,1983,1,27,Gavin Floyd,1/27/83,NULL,NUL,P,76,235Flynn,Brian,flynnbr01,1990,4,19,Brian Flynn,4/19/90,NULL,NUL,P,79,250Foltynewicz,Michael,foltymi01,1991,10,7,Michael Foltynewicz,10/7/91,NULL,NUL,P,76,220Fornataro,Eric,fornaer01,1988,1,2,Eric Fornataro,1/2/88,NULL,NUL,P,73,225Forsythe,Logan,forsylo01,1987,1,14,Logan Forsythe,1/14/87,NULL,NUL,1B,73,195Fowler,Dexter,fowlede01,1986,3,22,Dexter Fowler,3/22/86,NULL,NUL,CF,76,190Francisco,Frank,francfr01,1979,9,11,Frank Francisco,9/11/79,NULL,NUL,P,74,250Francis,Jeff,francje01,1981,1,8,Jeff Francis,1/8/81,NULL,NUL,P,77,220Francoeur,Jeff,francje02,1984,1,8,Jeff Francoeur,1/8/84,NULL,NUL,OF,76,220Francisco,Juan,francju02,1987,6,24,Juan Francisco,6/24/87,NULL,NUL,1B,74,245Franco,Maikel,francma02,1992,8,26,Maikel Franco,8/26/92,NULL,NUL,1B,73,180Frandsen,Kevin,frandke01,1982,5,24,Kevin Frandsen,5/24/82,NULL,NUL,1B,72,190Franklin,Nick,frankni01,1991,3,2,Nick Franklin,3/2/91,NULL,NUL,2B,73,195Frasor,Jason,frasoja01,1977,8,9,Jason Frasor,8/9/77,NULL,NUL,P,69,180Frazier,Todd,frazito01,1986,2,12,Todd Frazier,2/12/86,NULL,NUL,1B,75,220Freeman,Freddie,freemfr01,1989,9,12,Freddie Freeman,9/12/89,NULL,NUL,1B,77,225Freeman,Sam,freemsa01,1987,6,24,Sam Freeman,6/24/87,NULL,NUL,P,71,165Freese,David,freesda01,1983,4,28,David Freese,4/28/83,NULL,NUL,3B,74,225Freiman,Nate,freimna01,1986,12,31,Nate Freiman,12/31/86,NULL,NUL,1B,80,250Frias,Carlos,friasca01,1989,11,13,Carlos Frias,11/13/89,NULL,NUL,P,76,170Friedrich,Christian,friedch01,1987,7,8,Christian Friedrich,7/8/87,NULL,NUL,P,76,215Frieri,Ernesto,frierer01,1985,7,19,Ernesto Frieri,7/19/85,NULL,NUL,P,74,205Fryer,Eric,fryerer01,1985,8,26,Eric Fryer,8/26/85,NULL,NUL,C,74,215Fujikawa,Kyuji,fujikky01,1980,7,21,Kyuji Fujikawa,7/21/80,NULL,NUL,P,72,190Fuld,Sam,fuldsa01,1981,11,20,Sam Fuld,11/20/81,NULL,NUL,CF,70,175Furbush,Charlie,furbuch01,1986,4,11,Charlie Furbush,4/11/86,NULL,NUL,P,77,215Furcal,Rafael,furcara01,1977,10,24,Rafael Furcal,10/24/77,NULL,NUL,2B,68,195Gallardo,Yovani,gallayo01,1986,2,27,Yovani Gallardo,2/27/86,NULL,NUL,P,74,210Galvis,Freddy,galvifr01,1989,11,14,Freddy Galvis,11/14/89,NULL,NUL,2B,70,185Garces,Frank,garcefr01,1990,1,17,Frank Garces,1/17/90,NULL,NUL,P,71,175Garcia,Avisail,garciav01,1991,6,12,Avisail Garcia,6/12/91,NULL,NUL,OF,76,240Garcia,Greg,garcigr01,1989,8,8,Greg Garcia,8/8/89,NULL,NUL,2B,72,190Casilla,Santiago,garcija01,1980,7,25,Santiago Casilla,7/25/80,NULL,NUL,P,72,210Garcia,Jaime,garcija02,1986,7,8,Jaime Garcia,7/8/86,NULL,NUL,P,74,215Garcia,Leury,garcile02,1991,3,18,Leury Garcia,3/18/91,NULL,NUL,2B,68,170Garcia,Luis,garcilu03,1987,1,30,Luis Garcia,1/30/87,NULL,NUL,P,74,210Garcia,Yimi,garciyi01,1990,8,18,Yimi Garcia,8/18/90,NULL,NUL,P,73,175Gardner,Brett,gardnbr01,1983,8,24,Brett Gardner,8/24/83,NULL,NUL,CF,70,185Garza,Matt,garzama01,1983,11,26,Matt Garza,11/26/83,NULL,NUL,P,76,215Gattis,Evan,gattiev01,1986,8,18,Evan Gattis,8/18/86,NULL,NUL,C,76,260Gausman,Kevin,gausmke01,1991,1,6,Kevin Gausman,1/6/91,NULL,NUL,P,75,190Gee,Dillon,geedi01,1986,4,28,Dillon Gee,4/28/86,NULL,NUL,P,73,205Geltz,Steve,geltzst01,1987,11,1,Steve Geltz,11/1/87,NULL,NUL,P,70,170Gennett,Scooter,gennesc01,1990,5,1,Scooter Gennett,5/1/90,NULL,NUL,2B,70,170Gentry,Craig,gentrcr01,1983,11,29,Craig Gentry,11/29/83,NULL,NUL,CF,74,190Germano,Justin,germaju01,1982,8,6,Justin Germano,8/6/82,NULL,NUL,P,74,210Germen,Gonzalez,germego01,1987,9,23,Gonzalez Germen,9/23/87,NULL,NUL,P,73,200Getz,Chris,getzch01,1983,8,30,Chris Getz,8/30/83,NULL,NUL,2B,72,185Giavotella,Johnny,giavojo01,1987,7,10,Johnny Giavotella,7/10/87,NULL,NUL,2B,68,185Gibson,Kyle,gibsoky01,1987,10,23,Kyle Gibson,10/23/87,NULL,NUL,P,78,220Giles,Ken,gileske01,1990,9,20,Ken Giles,9/20/90,NULL,NUL,P,74,205Gillaspie,Conor,gillaco01,1987,7,18,Conor Gillaspie,7/18/87,NULL,NUL,3B,73,195Gillespie,Cole,gilleco01,1984,6,20,Cole Gillespie,6/20/84,NULL,NUL,CF,73,215Gimenez,Chris,gimench01,1982,12,27,Chris Gimenez,12/27/82,NULL,NUL,1B,74,220Gindl,Caleb,gindlca01,1988,8,31,Caleb Gindl,8/31/88,NULL,NUL,OF,69,210Glenn,Brad,glennbr01,1987,4,2,Brad Glenn,4/2/87,NULL,NUL,OF,74,220Goebbert,Jake,goebbja01,1987,9,24,Jake Goebbert,9/24/87,NULL,NUL,1B,72,205Goeddel,Erik,goedder01,1988,12,20,Erik Goeddel,12/20/88,NULL,NUL,P,75,190Goins,Ryan,goinsry01,1988,2,13,Ryan Goins,2/13/88,NULL,NUL,2B,70,185Goldschmidt,Paul,goldspa01,1987,9,10,Paul Goldschmidt,9/10/87,NULL,NUL,1B,75,245Gomes,Brandon,gomesbr01,1984,7,15,Brandon Gomes,7/15/84,NULL,NUL,P,71,195Gomes,Jonny,gomesjo01,1980,11,22,Jonny Gomes,11/22/80,NULL,NUL,LF,73,230Gomes,Yan,gomesya01,1987,7,19,Yan Gomes,7/19/87,NULL,NUL,C,74,215Gomez,Carlos,gomezca01,1985,12,4,Carlos Gomez,12/4/85,NULL,NUL,CF,75,220Gomez,Hector,gomezhe01,1988,3,5,Hector Gomez,3/5/88,NULL,NUL,2B,75,200Gomez,Jeanmar,gomezje01,1988,2,10,Jeanmar Gomez,2/10/88,NULL,NUL,P,75,220Gonzalez,Adrian,gonzaad01,1982,5,8,Adrian Gonzalez,5/8/82,NULL,NUL,1B,74,225Gonzalez,Alex,gonzaal02,1977,2,15,Alex Gonzalez,2/15/77,NULL,NUL,3B,73,210Gonzalez,Carlos,gonzaca01,1985,10,17,Carlos Gonzalez,10/17/85,NULL,NUL,LF,73,220Gonzalez,Gio,gonzagi01,1985,9,19,Gio Gonzalez,9/19/85,NULL,NUL,P,72,205Gonzalez,Marwin,gonzama01,1989,3,14,Marwin Gonzalez,3/14/89,NULL,NUL,1B,73,205Gonzales,Marco,gonzama02,1992,2,16,Marco Gonzales,2/16/92,NULL,NUL,P,73,195Gonzalez,Miguel,gonzami03,1984,5,27,Miguel Gonzalez,5/27/84,NULL,NUL,P,73,170Gonzalez,Miguel,gonzami05,1986,9,23,Miguel Gonzalez,9/23/86,NULL,NUL,P,75,200Gordon,Alex,gordoal01,1984,2,10,Alex Gordon,2/10/84,NULL,NUL,LF,73,220Gordon,Dee,gordode01,1988,4,22,Dee Gordon,4/22/88,NULL,NUL,2B,71,170Gore,Terrance,gorete01,1991,6,8,Terrance Gore,6/8/91,NULL,NUL,LF,67,165Gorzelanny,Tom,gorzeto01,1982,7,12,Tom Gorzelanny,7/12/82,NULL,NUL,P,75,210Gose,Anthony,gosean01,1990,8,10,Anthony Gose,8/10/90,NULL,NUL,CF,73,190Gosewisch,Tuffy,gosewtu01,1983,8,17,Tuffy Gosewisch,8/17/83,NULL,NUL,C,71,200Gosselin,Philip,gosseph01,1988,10,3,Philip Gosselin,10/3/88,NULL,NUL,2B,73,200Granderson,Curtis,grandcu01,1981,3,16,Curtis Granderson,3/16/81,NULL,NUL,CF,73,200Grandal,Yasmani,grandya01,1988,11,8,Yasmani Grandal,11/8/88,NULL,NUL,1B,74,225Graveman,Kendall,graveke01,1990,12,21,Kendall Graveman,12/21/90,NULL,NUL,P,74,195Gray,Sonny,grayso01,1989,11,7,Sonny Gray,11/7/89,NULL,NUL,P,71,195Green,Grant,greengr01,1987,9,27,Grant Green,9/27/87,NULL,NUL,1B,75,180Greenwood,Nick,greenni02,1987,9,28,Nick Greenwood,9/28/87,NULL,NUL,P,73,180Greene,Shane,greensh02,1988,11,17,Shane Greene,11/17/88,NULL,NUL,P,76,210Gregerson,Luke,gregelu01,1984,5,14,Luke Gregerson,5/14/84,NULL,NUL,P,75,200Gregg,Kevin,greggke01,1978,6,20,Kevin Gregg,6/20/78,NULL,NUL,P,78,245Gregorius,Didi,gregodi01,1990,2,18,Didi Gregorius,2/18/90,NULL,NUL,2B,74,205Greinke,Zack,greinza01,1983,10,21,Zack Greinke,10/21/83,NULL,NUL,P,74,195Grichuk,Randal,grichra01,1991,8,13,Randal Grichuk,8/13/91,NULL,NUL,CF,73,195Grilli,Jason,grillja01,1976,11,11,Jason Grilli,11/11/76,NULL,NUL,P,76,235Grimm,Justin,grimmju01,1988,8,16,Justin Grimm,8/16/88,NULL,NUL,P,75,210Grossman,Robbie,grossro01,1989,9,16,Robbie Grossman,9/16/89,NULL,NUL,CF,72,195Grube,Jarrett,grubeja01,1981,11,5,Jarrett Grube,11/5/81,NULL,NUL,P,76,220Guerrero,Alex,guerral01,1986,11,20,Alex Guerrero,11/20/86,NULL,NUL,LF,70,205Guerra,Javy,guerrja01,1985,10,31,Javy Guerra,10/31/85,NULL,NUL,P,73,190Guerrier,Matt,guerrma02,1978,8,2,Matt Guerrier,8/2/78,NULL,NUL,P,75,195Guilmet,Preston,guilmpr01,1987,7,27,Preston Guilmet,7/27/87,NULL,NUL,P,74,200Guthrie,Jeremy,guthrje01,1979,4,8,Jeremy Guthrie,4/8/79,NULL,NUL,P,73,205Gutierrez,J. C.,gutieju01,1983,7,14,J. C. Gutierrez,7/14/83,NULL,NUL,P,75,245Guyer,Brandon,guyerbr01,1986,1,28,Brandon Guyer,1/28/86,NULL,NUL,CF,74,195Guzman,Jesus,guzmaje01,1984,6,14,Jesus Guzman,6/14/84,NULL,NUL,1B,73,200Gwynn,Tony,gwynnto02,1982,10,4,Tony Gwynn,10/4/82,NULL,NUL,CF,72,190Gyorko,Jedd,gyorkje01,1988,9,23,Jedd Gyorko,9/23/88,NULL,NUL,2B,70,210Hagadone,Nick,hagadni01,1986,1,1,Nick Hagadone,1/1/86,NULL,NUL,P,77,230Hagens,Bradin,hagenbr01,1989,5,12,Bradin Hagens,5/12/89,NULL,NUL,P,75,210Hahn,Jesse,hahnje01,1989,7,30,Jesse Hahn,7/30/89,NULL,NUL,P,77,190Hairston,Scott,hairssc01,1980,5,25,Scott Hairston,5/25/80,NULL,NUL,LF,72,200Hale,David,haleda02,1987,9,27,David Hale,9/27/87,NULL,NUL,P,74,210Hamels,Cole,hamelco01,1983,12,27,Cole Hamels,12/27/83,NULL,NUL,P,75,195Hamilton,Billy,hamilbi02,1990,9,9,Billy Hamilton,9/9/90,NULL,NUL,CF,72,160Hamilton,Josh,hamiljo03,1981,5,21,Josh Hamilton,5/21/81,NULL,NUL,CF,76,240Hammel,Jason,hammeja01,1982,9,2,Jason Hammel,9/2/82,NULL,NUL,P,78,225Hand,Brad,handbr01,1990,3,20,Brad Hand,3/20/90,NULL,NUL,P,75,220Hanigan,Ryan,hanigry01,1980,8,16,Ryan Hanigan,8/16/80,NULL,NUL,C,72,210Hannahan,Jack,hannaja01,1980,3,4,Jack Hannahan,3/4/80,NULL,NUL,1B,74,210Happ,J. A.,happja01,1982,10,19,J. A. Happ,10/19/82,NULL,NUL,P,77,205Harang,Aaron,haranaa01,1978,5,9,Aaron Harang,5/9/78,NULL,NUL,P,79,260Hardy,Blaine,hardybl01,1987,3,14,Blaine Hardy,3/14/87,NULL,NUL,P,74,230Hardy,J. J.,hardyjj01,1982,8,19,J. J. Hardy,8/19/82,NULL,NUL,SS,73,190Haren,Dan,harenda01,1980,9,17,Dan Haren,9/17/80,NULL,NUL,P,77,215Harper,Bryce,harpebr03,1992,10,16,Bryce Harper,10/16/92,NULL,NUL,CF,75,225Harrell,Lucas,harrelu01,1985,6,3,Lucas Harrell,6/3/85,NULL,NUL,P,74,205Harrison,Josh,harrijo05,1987,7,8,Josh Harrison,7/8/87,NULL,NUL,2B,68,200Harrison,Matt,harrima01,1985,9,16,Matt Harrison,9/16/85,NULL,NUL,P,76,240Harris,Will,harriwi02,1984,8,28,Will Harris,8/28/84,NULL,NUL,P,76,225Hart,Corey,hartco01,1982,3,24,Corey Hart,3/24/82,NULL,NUL,1B,78,230Hassan,Alex,hassaal01,1988,4,1,Alex Hassan,4/1/88,NULL,NUL,OF,75,220Hatcher,Chris,hatchch02,1985,1,12,Chris Hatcher,1/12/85,NULL,NUL,P,73,205Hawkins,LaTroy,hawkila01,1972,12,21,LaTroy Hawkins,12/21/72,NULL,NUL,P,77,220Hayes,Brett,hayesbr01,1984,2,13,Brett Hayes,2/13/84,NULL,NUL,C,72,215Headley,Chase,headlch01,1984,5,9,Chase Headley,5/9/84,NULL,NUL,3B,74,220Heaney,Andrew,heanean01,1991,6,5,Andrew Heaney,6/5/91,NULL,NUL,P,74,185Hechavarria,Adeiny,hechaad01,1989,4,15,Adeiny Hechavarria,4/15/89,NULL,NUL,SS,71,185Heisey,Chris,heisech01,1984,12,14,Chris Heisey,12/14/84,NULL,NUL,CF,73,210Hellickson,Jeremy,hellije01,1987,4,8,Jeremy Hellickson,4/8/87,NULL,NUL,P,73,190Hembree,Heath,hembrhe01,1989,1,13,Heath Hembree,1/13/89,NULL,NUL,P,76,210Henderson,Jim,hendeji01,1982,10,21,Jim Henderson,10/21/82,NULL,NUL,P,77,220Hendricks,Kyle,hendrky01,1989,12,7,Kyle Hendricks,12/7/89,NULL,NUL,P,75,190Hendriks,Liam,hendrli01,1989,2,10,Liam Hendriks,2/10/89,NULL,NUL,P,73,205Hernandez,Cesar,hernace02,1990,5,23,Cesar Hernandez,5/23/90,NULL,NUL,2B,70,166Hernandez,Enrique,hernaen02,1991,8,24,Enrique Hernandez,8/24/91,NULL,NUL,2B,71,170Hernandez,Felix,hernafe02,1986,4,8,Felix Hernandez,4/8/86,NULL,NUL,P,75,225Hernandez,Pedro,hernape02,1989,4,12,Pedro Hernandez,4/12/89,NULL,NUL,P,70,210Herrera,Dilson,herredi01,1994,3,3,Dilson Herrera,3/3/94,NULL,NUL,2B,70,150Herrera,Elian,herreel01,1985,2,1,Elian Herrera,2/1/85,NULL,NUL,2B,70,195Herrera,Jonathan,herrejo03,1984,11,3,Jonathan Herrera,11/3/84,NULL,NUL,1B,69,180Herrera,Kelvin,herreke01,1989,12,31,Kelvin Herrera,12/31/89,NULL,NUL,P,70,200Herrera,Yoslan,herreyo01,1981,4,28,Yoslan Herrera,4/28/81,NULL,NUL,P,74,200Herrmann,Chris,herrmch01,1987,11,24,Chris Herrmann,11/24/87,NULL,NUL,C,72,200Heston,Chris,hestoch01,1988,4,10,Chris Heston,4/10/88,NULL,NUL,P,75,195Heyward,Jason,heywaja01,1989,8,9,Jason Heyward,8/9/89,NULL,NUL,OF,77,245Hicks,Aaron,hicksaa01,1989,10,2,Aaron Hicks,10/2/89,NULL,NUL,CF,74,190Hicks,Brandon,hicksbr01,1985,9,14,Brandon Hicks,9/14/85,NULL,NUL,1B,74,215Hill,Aaron,hillaa01,1982,3,21,Aaron Hill,3/21/82,NULL,NUL,2B,71,205Hill,Koyie,hillko01,1979,3,9,Koyie Hill,3/9/79,NULL,NUL,C,73,205Hill,Rich,hillri01,1980,3,11,Rich Hill,3/11/80,NULL,NUL,P,77,220Hill,Taylor,hillta01,1989,3,12,Taylor Hill,3/12/89,NULL,NUL,P,75,235Hoes,L. J.,hoeslj01,1990,3,5,L. J. Hoes,3/5/90,NULL,NUL,LF,72,200Holaday,Bryan,holadbr01,1987,11,19,Bryan Holaday,11/19/87,NULL,NUL,C,72,205Holdzkom,John,holdzjo01,1987,10,19,John Holdzkom,10/19/87,NULL,NUL,P,79,225Holland,Derek,hollade01,1986,10,9,Derek Holland,10/9/86,NULL,NUL,P,74,210Holland,Greg,hollagr01,1985,11,20,Greg Holland,11/20/85,NULL,NUL,P,70,205Hollands,Mario,hollama01,1988,8,26,Mario Hollands,8/26/88,NULL,NUL,P,77,220Holliday,Matt,hollima01,1980,1,15,Matt Holliday,1/15/80,NULL,NUL,LF,76,250Holmberg,David,holmbda01,1991,7,19,David Holmberg,7/19/91,NULL,NUL,P,75,225Holt,Brock,holtbr01,1988,6,11,Brock Holt,6/11/88,NULL,NUL,1B,68,185Holt,Tyler,holtty01,1989,3,10,Tyler Holt,3/10/89,NULL,NUL,CF,70,190Hoover,J. J.,hoovejj01,1987,8,13,J. J. Hoover,8/13/87,NULL,NUL,P,75,230Hosmer,Eric,hosmeer01,1989,10,24,Eric Hosmer,10/24/89,NULL,NUL,1B,76,225House,T. J.,housetj01,1989,9,29,T. J. House,9/29/89,NULL,NUL,P,73,205Howard,Ryan,howarry01,1979,11,19,Ryan Howard,11/19/79,NULL,NUL,1B,76,250Howell,J. P.,howeljp01,1983,4,25,J. P. Howell,4/25/83,NULL,NUL,P,72,185Hudson,Daniel,hudsoda01,1987,3,9,Daniel Hudson,3/9/87,NULL,NUL,P,75,225Hudson,Tim,hudsoti01,1975,7,14,Tim Hudson,7/14/75,NULL,NUL,P,73,175Huff,David,huffda01,1984,8,22,David Huff,8/22/84,NULL,NUL,P,74,215Hughes,Jared,hugheja02,1985,7,4,Jared Hughes,7/4/85,NULL,NUL,P,79,245Hughes,Phil,hugheph01,1986,6,24,Phil Hughes,6/24/86,NULL,NUL,P,77,240Hundley,Nick,hundlni01,1983,9,8,Nick Hundley,9/8/83,NULL,NUL,C,73,200Hunter,Torii,hunteto01,1975,7,18,Torii Hunter,7/18/75,NULL,NUL,OF,74,225Hunter,Tommy,hunteto02,1986,7,3,Tommy Hunter,7/3/86,NULL,NUL,P,75,260Hutchison,Drew,hutchdr01,1990,8,22,Drew Hutchison,8/22/90,NULL,NUL,P,75,195Iannetta,Chris,iannech01,1983,4,8,Chris Iannetta,4/8/83,NULL,NUL,C,72,230Ibanez,Raul,ibanera01,1972,6,2,Raul Ibanez,6/2/72,NULL,NUL,1B,74,225Inciarte,Ender,inciaen01,1990,10,29,Ender Inciarte,10/29/90,NULL,NUL,CF,70,165Infante,Omar,infanom01,1981,12,26,Omar Infante,12/26/81,NULL,NUL,2B,71,195Irwin,Phil,irwinph01,1987,2,25,Phil Irwin,2/25/87,NULL,NUL,P,75,210Ishikawa,Travis,ishiktr01,1983,9,24,Travis Ishikawa,9/24/83,NULL,NUL,1B,75,220Iwakuma,Hisashi,iwakuhi01,1981,4,12,Hisashi Iwakuma,4/12/81,NULL,NUL,P,75,210Izturis,Maicer,izturma01,1980,9,12,Maicer Izturis,9/12/80,NULL,NUL,2B,68,155Jackson,Austin,jacksau01,1987,2,1,Austin Jackson,2/1/87,NULL,NUL,CF,73,185Jackson,Brett,jacksbr01,1988,8,2,Brett Jackson,8/2/88,NULL,NUL,CF,74,220Jackson,Edwin,jacksed01,1983,9,9,Edwin Jackson,9/9/83,NULL,NUL,P,75,210Jaime,Juan,jaimeju01,1987,8,2,Juan Jaime,8/2/87,NULL,NUL,P,74,250Jansen,Kenley,janseke01,1987,9,30,Kenley Jansen,9/30/87,NULL,NUL,P,77,265Janssen,Casey,janssca01,1981,9,17,Casey Janssen,9/17/81,NULL,NUL,P,76,205Jaso,John,jasojo01,1983,9,19,John Jaso,9/19/83,NULL,NUL,C,74,205Jay,Jon,jayjo02,1985,3,15,Jon Jay,3/15/85,NULL,NUL,CF,71,195Jeffress,Jeremy,jeffrje01,1987,9,21,Jeremy Jeffress,9/21/87,NULL,NUL,P,73,205Jenkins,Chad,jenkich01,1987,12,22,Chad Jenkins,12/22/87,NULL,NUL,P,76,235Jennings,Dan,jennida01,1987,4,17,Dan Jennings,4/17/87,NULL,NUL,P,75,210Jennings,Desmond,jennide01,1986,10,30,Desmond Jennings,10/30/86,NULL,NUL,CF,74,200Jepsen,Kevin,jepseke01,1984,7,26,Kevin Jepsen,7/26/84,NULL,NUL,P,75,235Jeter,Derek,jeterde01,1974,6,26,Derek Jeter,6/26/74,NULL,NUL,SS,75,195Jimenez,Cesar,jimence01,1984,11,12,Cesar Jimenez,11/12/84,NULL,NUL,P,71,210Jimenez,Luis,jimenlu02,1988,1,18,Luis Jimenez,1/18/88,NULL,NUL,3B,73,205Jimenez,Ubaldo,jimenub01,1984,1,22,Ubaldo Jimenez,1/22/84,NULL,NUL,P,77,210Johnson,Chris,johnsch05,1984,10,1,Chris Johnson,10/1/84,NULL,NUL,1B,75,225Johnson,Dan,johnsda06,1979,8,10,Dan Johnson,8/10/79,NULL,NUL,1B,74,210Johnson,Elliot,johnsel02,1984,3,9,Elliot Johnson,3/9/84,NULL,NUL,2B,73,190Johnson,Erik,johnser04,1989,12,30,Erik Johnson,12/30/89,NULL,NUL,P,75,230Johnson,Jim,johnsji04,1983,6,27,Jim Johnson,6/27/83,NULL,NUL,P,78,240Johnson,Kelly,johnske05,1982,2,22,Kelly Johnson,2/22/82,NULL,NUL,1B,73,200Johnson,Kris,johnskr01,1984,10,14,Kris Johnson,10/14/84,NULL,NUL,P,76,205Johnson,Reed,johnsre02,1976,12,8,Reed Johnson,12/8/76,NULL,NUL,CF,70,190Jokisch,Eric,jokiser01,1989,7,29,Eric Jokisch,7/29/89,NULL,NUL,P,74,185Jones,Adam,jonesad01,1985,8,1,Adam Jones,8/1/85,NULL,NUL,CF,75,225Jones,Garrett,jonesga02,1981,6,21,Garrett Jones,6/21/81,NULL,NUL,1B,77,235Jones,James,jonesja06,1988,9,24,James Jones,9/24/88,NULL,NUL,CF,76,200Jones,Nate,jonesna01,1986,1,28,Nate Jones,1/28/86,NULL,NUL,P,77,220Jordan,Taylor,jordata01,1989,1,17,Taylor Jordan,1/17/89,NULL,NUL,P,77,200Joseph,Caleb,josepca01,1986,6,18,Caleb Joseph,6/18/86,NULL,NUL,1B,75,180Joseph,Donnie,josepdo01,1987,11,1,Donnie Joseph,11/1/87,NULL,NUL,P,75,190Joyce,Matthew,joycema01,1984,8,3,Matthew Joyce,8/3/84,NULL,NUL,LF,74,200Jurrjens,Jair,jurrjja01,1986,1,29,Jair Jurrjens,1/29/86,NULL,NUL,P,73,200Kahnle,Tommy,kahnlto01,1989,8,7,Tommy Kahnle,8/7/89,NULL,NUL,P,73,230Kalish,Ryan,kalisry01,1988,3,28,Ryan Kalish,3/28/88,NULL,NUL,CF,72,215Karns,Nate,karnsna01,1987,11,25,Nate Karns,11/25/87,NULL,NUL,P,75,230Kawasaki,Munenori,kawasmu01,1981,6,3,Munenori Kawasaki,6/3/81,NULL,NUL,2B,71,175Kazmir,Scott,kazmisc01,1984,1,24,Scott Kazmir,1/24/84,NULL,NUL,P,72,185Kelley,Shawn,kellesh01,1984,4,26,Shawn Kelley,4/26/84,NULL,NUL,P,74,220Kelly,Don,kellydo01,1980,2,15,Don Kelly,2/15/80,NULL,NUL,1B,76,190Kelly,Joe,kellyjo05,1988,6,9,Joe Kelly,6/9/88,NULL,NUL,P,73,175Kemp,Matt,kempma01,1984,9,23,Matt Kemp,9/23/84,NULL,NUL,CF,76,215Kendrick,Howie,kendrho01,1983,7,12,Howie Kendrick,7/12/83,NULL,NUL,2B,70,210Kendrick,Kyle,kendrky01,1984,8,26,Kyle Kendrick,8/26/84,NULL,NUL,P,75,210Kennedy,Ian,kenneia01,1984,12,19,Ian Kennedy,12/19/84,NULL,NUL,P,72,190Kershaw,Clayton,kershcl01,1988,3,19,Clayton Kershaw,3/19/88,NULL,NUL,P,75,225Keuchel,Dallas,keuchda01,1988,1,1,Dallas Keuchel,1/1/88,NULL,NUL,P,75,210Kickham,Mike,kickhmi01,1988,12,12,Mike Kickham,12/12/88,NULL,NUL,P,76,220Kiermaier,Kevin,kiermke01,1990,4,22,Kevin Kiermaier,4/22/90,NULL,NUL,CF,73,195Kieschnick,Roger,kiescro01,1987,1,21,Roger Kieschnick,1/21/87,NULL,NUL,LF,75,220Kimbrel,Craig,kimbrcr01,1988,5,28,Craig Kimbrel,5/28/88,NULL,NUL,P,71,220Kinsler,Ian,kinslia01,1982,6,22,Ian Kinsler,6/22/82,NULL,NUL,2B,72,200Kintzler,Brandon,kintzbr01,1984,8,1,Brandon Kintzler,8/1/84,NULL,NUL,P,70,190Kipnis,Jason,kipnija01,1987,4,3,Jason Kipnis,4/3/87,NULL,NUL,2B,71,190Kirkman,Michael,kirkmmi01,1986,9,18,Michael Kirkman,9/18/86,NULL,NUL,P,76,220Klein,Phil,kleinph01,1989,4,30,Phil Klein,4/30/89,NULL,NUL,P,79,260Kluber,Corey,klubeco01,1986,4,10,Corey Kluber,4/10/86,NULL,NUL,P,76,215Knebel,Corey,knebeco01,1991,11,26,Corey Knebel,11/26/91,NULL,NUL,P,75,195Kobernus,Jeff,koberje01,1988,6,30,Jeff Kobernus,6/30/88,NULL,NUL,2B,74,195Koehler,Tom,koehlto01,1986,6,29,Tom Koehler,6/29/86,NULL,NUL,P,74,235Kohn,Michael,kohnmi01,1986,6,26,Michael Kohn,6/26/86,NULL,NUL,P,74,200Konerko,Paul,konerpa01,1976,3,5,Paul Konerko,3/5/76,NULL,NUL,1B,74,220Kontos,George,kontoge01,1985,6,12,George Kontos,6/12/85,NULL,NUL,P,75,215Korecky,Bobby,korecbo01,1979,9,16,Bobby Korecky,9/16/79,NULL,NUL,P,71,185Kottaras,George,kottage01,1983,5,10,George Kottaras,5/10/83,NULL,NUL,C,72,200Kouzmanoff,Kevin,kouzmke01,1981,7,25,Kevin Kouzmanoff,7/25/81,NULL,NUL,3B,73,210Kozma,Pete,kozmape01,1988,4,11,Pete Kozma,4/11/88,NULL,NUL,2B,72,190Kratz,Erik,kratzer01,1980,6,15,Erik Kratz,6/15/80,NULL,NUL,C,76,240Krauss,Marc,krausma01,1987,10,5,Marc Krauss,10/5/87,NULL,NUL,1B,74,245Krol,Ian,krolia01,1991,5,9,Ian Krol,5/9/91,NULL,NUL,P,73,210Kubel,Jason,kubelja01,1982,5,25,Jason Kubel,5/25/82,NULL,NUL,LF,72,220Kuroda,Hiroki,kurodhi01,1975,2,10,Hiroki Kuroda,2/10/75,NULL,NUL,P,73,205Lackey,John,lackejo01,1978,10,23,John Lackey,10/23/78,NULL,NUL,P,78,235LaFromboise,Bobby,lafrobo01,1986,6,25,Bobby LaFromboise,6/25/86,NULL,NUL,P,76,215Lagares,Juan,lagarju01,1989,3,17,Juan Lagares,3/17/89,NULL,NUL,CF,73,215Laird,Gerald,lairdge01,1979,11,13,Gerald Laird,11/13/79,NULL,NUL,C,73,230Lake,Junior,lakeju01,1990,3,27,Junior Lake,3/27/90,NULL,NUL,CF,75,215Lamb,Jake,lambja01,1990,10,9,Jake Lamb,10/9/90,NULL,NUL,3B,75,220Lambo,Andrew,lamboan01,1988,8,11,Andrew Lambo,8/11/88,NULL,NUL,1B,75,225Lane,Jason,laneja01,1976,12,22,Jason Lane,12/22/76,NULL,NUL,P,74,225Lannan,John,lannajo01,1984,9,27,John Lannan,9/27/84,NULL,NUL,P,76,235LaRoche,Adam,larocad01,1979,11,6,Adam LaRoche,11/6/79,NULL,NUL,1B,75,205La Stella,Tommy,lasteto01,1989,1,31,Tommy La Stella,1/31/89,NULL,NUL,2B,71,185Latos,Mat,latosma01,1987,12,9,Mat Latos,12/9/87,NULL,NUL,P,78,245Lavarnway,Ryan,lavarry01,1987,8,7,Ryan Lavarnway,8/7/87,NULL,NUL,1B,76,240Lawrie,Brett,lawribr01,1990,1,18,Brett Lawrie,1/18/90,NULL,NUL,2B,72,210Layne,Tommy,layneto01,1984,11,2,Tommy Layne,11/2/84,NULL,NUL,P,74,190League,Brandon,leagubr01,1983,3,16,Brandon League,3/16/83,NULL,NUL,P,74,215Leake,Mike,leakemi01,1987,11,12,Mike Leake,11/12/87,NULL,NUL,P,70,190LeBlanc,Wade,leblawa01,1984,8,7,Wade LeBlanc,8/7/84,NULL,NUL,P,75,215LeCure,Sam,lecursa01,1984,5,4,Sam LeCure,5/4/84,NULL,NUL,P,72,205Lee,C. C.,leech01,1986,10,21,C. C. Lee,10/21/86,NULL,NUL,P,71,190Lee,Cliff,leecl02,1978,8,30,Cliff Lee,8/30/78,NULL,NUL,P,75,205Leesman,Charles,leesmch01,1987,3,10,Charles Leesman,3/10/87,NULL,NUL,P,76,215LeMahieu,DJ,lemahdj01,1988,7,13,DJ LeMahieu,7/13/88,NULL,NUL,1B,76,205Leone,Dominic,leonedo01,1991,10,26,Dominic Leone,10/26/91,NULL,NUL,P,71,210Leon,Sandy,leonsa01,1989,3,13,Sandy Leon,3/13/89,NULL,NUL,C,70,220Leroux,Chris,lerouch01,1984,4,14,Chris Leroux,4/14/84,NULL,NUL,P,78,225Lester,Jon,lestejo01,1984,1,7,Jon Lester,1/7/84,NULL,NUL,P,76,240Lewis,Colby,lewisco01,1979,8,2,Colby Lewis,8/2/79,NULL,NUL,P,76,240Lincecum,Tim,linceti01,1984,6,15,Tim Lincecum,6/15/84,NULL,NUL,P,71,170Lincoln,Brad,lincobr01,1985,5,25,Brad Lincoln,5/25/85,NULL,NUL,P,72,225Lind,Adam,lindad01,1983,7,17,Adam Lind,7/17/83,NULL,NUL,1B,74,195Lindblom,Josh,lindbjo01,1987,6,15,Josh Lindblom,6/15/87,NULL,NUL,P,76,240Lindstrom,Matt,lindsma01,1980,2,11,Matt Lindstrom,2/11/80,NULL,NUL,P,75,215Liriano,Francisco,liriafr01,1983,10,26,Francisco Liriano,10/26/83,NULL,NUL,P,74,215Liriano,Rymer,liriary01,1991,6,20,Rymer Liriano,6/20/91,NULL,NUL,OF,72,230Lobaton,Jose,lobatjo01,1984,10,21,Jose Lobaton,10/21/84,NULL,NUL,C,72,215Lobstein,Kyle,lobstky01,1989,8,12,Kyle Lobstein,8/12/89,NULL,NUL,P,75,200Locke,Jeff,lockeje01,1987,11,20,Jeff Locke,11/20/87,NULL,NUL,P,72,185Logan,Boone,loganbo02,1984,8,13,Boone Logan,8/13/84,NULL,NUL,P,77,215Lohse,Kyle,lohseky01,1978,10,4,Kyle Lohse,10/4/78,NULL,NUL,P,74,210Lombardozzi,Steve,lombast02,1988,9,20,Steve Lombardozzi,9/20/88,NULL,NUL,2B,72,200Loney,James,loneyja01,1984,5,7,James Loney,5/7/84,NULL,NUL,1B,75,235Longoria,Evan,longoev01,1985,10,7,Evan Longoria,10/7/85,NULL,NUL,3B,74,210Lopez,Javier,lopezja02,1977,7,11,Javier Lopez,7/11/77,NULL,NUL,P,76,220Lopez,Rafael,lopezra02,1987,10,2,Rafael Lopez,10/2/87,NULL,NUL,C,69,190Lopez,Wilton,lopezwi01,1983,7,19,Wilton Lopez,7/19/83,NULL,NUL,P,72,200Lough,David,loughda01,1986,1,20,David Lough,1/20/86,NULL,NUL,CF,71,180Loup,Aaron,loupaa01,1987,12,19,Aaron Loup,12/19/87,NULL,NUL,P,71,205Lowe,Mark,lowema01,1983,6,7,Mark Lowe,6/7/83,NULL,NUL,P,75,210Lowrie,Jed,lowrije01,1984,4,17,Jed Lowrie,4/17/84,NULL,NUL,SS,72,190Lucas,Ed,lucased01,1982,5,21,Ed Lucas,5/21/82,NULL,NUL,1B,75,215Lucroy,Jonathan,lucrojo01,1986,6,13,Jonathan Lucroy,6/13/86,NULL,NUL,1B,72,195Ludwick,Ryan,ludwiry01,1978,7,13,Ryan Ludwick,7/13/78,NULL,NUL,LF,74,215Lueke,Josh,luekejo01,1984,12,5,Josh Lueke,12/5/84,NULL,NUL,P,77,245Luetge,Lucas,luetglu01,1987,3,24,Lucas Luetge,3/24/87,NULL,NUL,P,76,205Lutz,Donald,lutzdo01,1989,2,6,Donald Lutz,2/6/89,NULL,NUL,1B,75,250Lyles,Jordan,lylesjo01,1990,10,19,Jordan Lyles,10/19/90,NULL,NUL,P,76,215Lynn,Lance,lynnla01,1987,5,12,Lance Lynn,5/12/87,NULL,NUL,P,77,240Lyons,Tyler,lyonsty01,1988,2,21,Tyler Lyons,2/21/88,NULL,NUL,P,76,200Machado,Manny,machama01,1992,7,6,Manny Machado,7/6/92,NULL,NUL,3B,74,180Machi,Jean,machije01,1982,2,1,Jean Machi,2/1/82,NULL,NUL,P,72,255Maholm,Paul,maholpa01,1982,6,25,Paul Maholm,6/25/82,NULL,NUL,P,74,245Maldonado,Martin,maldoma01,1986,8,16,Martin Maldonado,8/16/86,NULL,NUL,1B,72,230Maness,Seth,manesse01,1988,10,14,Seth Maness,10/14/88,NULL,NUL,P,72,190Manship,Jeff,manshje01,1985,1,16,Jeff Manship,1/16/85,NULL,NUL,P,74,210Mariot,Michael,mariomi01,1988,10,20,Michael Mariot,10/20/88,NULL,NUL,P,72,190Marisnick,Jake,marisja01,1991,3,30,Jake Marisnick,3/30/91,NULL,NUL,CF,76,225Markakis,Nick,markani01,1983,11,17,Nick Markakis,11/17/83,NULL,NUL,1B,73,190Marks,Justin,marksju01,1988,1,12,Justin Marks,1/12/88,NULL,NUL,P,75,205Marmol,Carlos,marmoca01,1982,10,14,Carlos Marmol,10/14/82,NULL,NUL,P,73,235Maronde,Nick,maronni01,1989,9,5,Nick Maronde,9/5/89,NULL,NUL,P,75,205Marshall,Evan,marshev01,1990,4,18,Evan Marshall,4/18/90,NULL,NUL,P,74,220Marshall,Sean,marshse01,1982,8,30,Sean Marshall,8/30/82,NULL,NUL,P,79,225Marte,Alfredo,marteal01,1989,3,31,Alfredo Marte,3/31/89,NULL,NUL,LF,71,195Marte,Andy,martean01,1983,10,21,Andy Marte,10/21/83,NULL,NUL,3B,73,205Marte,Starling,martest01,1988,10,9,Starling Marte,10/9/88,NULL,NUL,CF,73,185Martinez,Carlos,martica04,1991,9,21,Carlos Martinez,9/21/91,NULL,NUL,P,72,185Martin,Chris,martich02,1986,6,2,Chris Martin,6/2/86,NULL,NUL,P,80,215Martinez,David,martida02,1987,8,4,David Martinez,8/4/87,NULL,NUL,P,74,220Martin,Ethan,martiet01,1989,6,6,Ethan Martin,6/6/89,NULL,NUL,P,74,220Martinez,J. D.,martijd02,1987,8,21,J. D. Martinez,8/21/87,NULL,NUL,LF,75,220Martin,Leonys,martile01,1988,3,6,Leonys Martin,3/6/88,NULL,NUL,CF,74,190Martinez,Michael,martimi02,1982,9,16,Michael Martinez,9/16/82,NULL,NUL,2B,69,175Martinez,Nick,martini01,1990,8,5,Nick Martinez,8/5/90,NULL,NUL,P,73,175Martin,Russell,martiru01,1983,2,15,Russell Martin,2/15/83,NULL,NUL,C,70,215Martinez,Victor,martivi01,1978,12,23,Victor Martinez,12/23/78,NULL,NUL,1B,74,210Masset,Nick,masseni01,1982,5,17,Nick Masset,5/17/82,NULL,NUL,P,77,235Masterson,Justin,masteju01,1985,3,22,Justin Masterson,3/22/85,NULL,NUL,P,78,250Mastroianni,Darin,mastrda01,1985,8,26,Darin Mastroianni,8/26/85,NULL,NUL,CF,71,190Mathis,Jeff,mathije01,1983,3,31,Jeff Mathis,3/31/83,NULL,NUL,C,72,205Matsuzaka,Daisuke,matsuda01,1980,9,13,Daisuke Matsuzaka,9/13/80,NULL,NUL,P,72,205Mattheus,Ryan,matthry01,1983,11,10,Ryan Mattheus,11/10/83,NULL,NUL,P,75,220Matusz,Brian,matusbr01,1987,2,11,Brian Matusz,2/11/87,NULL,NUL,P,76,200Matzek,Tyler,matzety01,1990,10,19,Tyler Matzek,10/19/90,NULL,NUL,P,75,210Mauer,Joe,mauerjo01,1983,4,19,Joe Mauer,4/19/83,NULL,NUL,1B,77,230Maurer,Brandon,maurebr01,1990,7,3,Brandon Maurer,7/3/90,NULL,NUL,P,77,220Maxwell,Justin,maxweju01,1983,11,6,Justin Maxwell,11/6/83,NULL,NUL,CF,77,225Mayberry,John,maybejo02,1983,12,21,John Mayberry,12/21/83,NULL,NUL,1B,78,230Maybin,Cameron,maybica01,1987,4,4,Cameron Maybin,4/4/87,NULL,NUL,CF,75,205May,Trevor,maytr01,1989,9,23,Trevor May,9/23/89,NULL,NUL,P,77,215Mazzaro,Vin,mazzavi01,1986,9,27,Vin Mazzaro,9/27/86,NULL,NUL,P,74,220McAllister,Zach,mcallza01,1987,12,8,Zach McAllister,12/8/87,NULL,NUL,P,78,240McBride,Matt,mcbrima02,1985,5,23,Matt McBride,5/23/85,NULL,NUL,1B,74,215McCann,Brian,mccanbr01,1984,2,20,Brian McCann,2/20/84,NULL,NUL,1B,75,230McCann,James,mccanja02,1990,6,13,James McCann,6/13/90,NULL,NUL,C,74,210McCarthy,Brandon,mccarbr01,1983,7,7,Brandon McCarthy,7/7/83,NULL,NUL,P,79,200McCoy,Pat,mccoypa01,1988,8,3,Pat McCoy,8/3/88,NULL,NUL,P,75,220McCutchen,Andrew,mccutan01,1986,10,10,Andrew McCutchen,10/10/86,NULL,NUL,CF,70,190McCutchen,Daniel,mccutda01,1982,9,26,Daniel McCutchen,9/26/82,NULL,NUL,P,74,215McDonald,John,mcdonjo03,1974,9,24,John McDonald,9/24/74,NULL,NUL,2B,69,185McFarland,T. J.,mcfartj01,1989,6,8,T. J. McFarland,6/8/89,NULL,NUL,P,75,220McGee,Jake,mcgeeja01,1986,8,6,Jake McGee,8/6/86,NULL,NUL,P,75,235McGehee,Casey,mcgehca01,1982,10,12,Casey McGehee,10/12/82,NULL,NUL,3B,73,220McGowan,Dustin,mcgowdu01,1982,3,24,Dustin McGowan,3/24/82,NULL,NUL,P,75,240McHugh,Collin,mchugco01,1987,6,19,Collin McHugh,6/19/87,NULL,NUL,P,74,195McKenry,Michael,mckenmi01,1985,3,4,Michael McKenry,3/4/85,NULL,NUL,C,70,205McLouth,Nate,mclouna01,1981,10,28,Nate McLouth,10/28/81,NULL,NUL,CF,70,190Medica,Tommy,medicto01,1988,4,9,Tommy Medica,4/9/88,NULL,NUL,1B,75,205Medina,Yoervis,medinyo01,1988,7,27,Yoervis Medina,7/27/88,NULL,NUL,P,75,245Meek,Evan,meekev01,1983,5,12,Evan Meek,5/12/83,NULL,NUL,P,72,225Mejia,Jenrry,mejiaje01,1989,10,11,Jenrry Mejia,10/11/89,NULL,NUL,P,72,205Melancon,Mark,melanma01,1985,3,28,Mark Melancon,3/28/85,NULL,NUL,P,74,215Mendez,Roman,mendero01,1990,7,25,Roman Mendez,7/25/90,NULL,NUL,P,75,190Mercer,Jordy,mercejo03,1986,8,27,Jordy Mercer,8/27/86,NULL,NUL,OF,75,205Mercedes,Melvin,merceme01,1990,11,2,Melvin Mercedes,11/2/90,NULL,NUL,P,75,250Mesoraco,Devin,mesorde01,1988,6,19,Devin Mesoraco,6/19/88,NULL,NUL,C,73,220Middlebrooks,Will,middlwi01,1988,9,9,Will Middlebrooks,9/9/88,NULL,NUL,1B,75,220Mikolas,Miles,mikolmi01,1988,8,23,Miles Mikolas,8/23/88,NULL,NUL,P,77,220Miley,Wade,mileywa01,1986,11,13,Wade Miley,11/13/86,NULL,NUL,P,72,220Miller,Andrew,millean01,1985,5,21,Andrew Miller,5/21/85,NULL,NUL,P,79,210Miller,Brad,millebr02,1989,10,18,Brad Miller,10/18/89,NULL,NUL,2B,74,200Miller,Jim,milleji02,1982,4,28,Jim Miller,4/28/82,NULL,NUL,P,73,200Miller,Justin,milleju02,1987,6,13,Justin Miller,6/13/87,NULL,NUL,P,75,215Miller,Shelby,millesh01,1990,10,10,Shelby Miller,10/10/90,NULL,NUL,P,75,215Mills,Brad,millsbr02,1985,3,5,Brad Mills,3/5/85,NULL,NUL,P,72,185Milone,Tommy,milonto01,1987,2,16,Tommy Milone,2/16/87,NULL,NUL,P,72,205Minor,Mike,minormi01,1987,12,26,Mike Minor,12/26/87,NULL,NUL,P,76,210Mitchell,Bryan,mitchbr01,1991,4,19,Bryan Mitchell,4/19/91,NULL,NUL,P,75,205Molina,Jose,molinjo01,1975,6,3,Jose Molina,6/3/75,NULL,NUL,C,72,250Molina,Yadier,molinya01,1982,7,13,Yadier Molina,7/13/82,NULL,NUL,1B,71,220Montero,Jesus,monteje01,1989,11,28,Jesus Montero,11/28/89,NULL,NUL,1B,75,235Montero,Miguel,montemi01,1983,7,9,Miguel Montero,7/9/83,NULL,NUL,C,71,210Montero,Rafael,montera01,1990,10,17,Rafael Montero,10/17/90,NULL,NUL,P,72,185Moore,Adam,mooread01,1984,5,8,Adam Moore,5/8/84,NULL,NUL,C,75,220Moore,Matt,moorema02,1989,6,18,Matt Moore,6/18/89,NULL,NUL,P,75,200Moore,Tyler,moorety01,1987,1,30,Tyler Moore,1/30/87,NULL,NUL,1B,74,220Morales,Franklin,moralfr01,1986,1,24,Franklin Morales,1/24/86,NULL,NUL,P,73,210Morales,Kendrys,moralke01,1983,6,20,Kendrys Morales,6/20/83,NULL,NUL,1B,73,220Morel,Brent,morelbr01,1987,4,21,Brent Morel,4/21/87,NULL,NUL,1B,73,225Moreland,Mitch,morelmi01,1985,9,6,Mitch Moreland,9/6/85,NULL,NUL,1B,74,230Morgan,Nyjer,morgany01,1980,7,2,Nyjer Morgan,7/2/80,NULL,NUL,CF,70,180Morin,Mike,morinmi01,1991,5,3,Mike Morin,5/3/91,NULL,NUL,P,76,220Morneau,Justin,morneju01,1981,5,15,Justin Morneau,5/15/81,NULL,NUL,1B,76,220Morris,Bryan,morribr01,1987,3,28,Bryan Morris,3/28/87,NULL,NUL,P,75,225Morrison,Logan,morrilo01,1987,8,25,Logan Morrison,8/25/87,NULL,NUL,1B,75,245Morrow,Brandon,morrobr01,1984,7,26,Brandon Morrow,7/26/84,NULL,NUL,P,75,210Morse,Mike,morsemi01,1982,3,22,Mike Morse,3/22/82,NULL,NUL,1B,77,245Morton,Charlie,mortoch02,1983,11,12,Charlie Morton,11/12/83,NULL,NUL,P,77,235Moss,Brandon,mossbr01,1983,9,16,Brandon Moss,9/16/83,NULL,NUL,1B,72,210Motte,Jason,motteja01,1982,6,22,Jason Motte,6/22/82,NULL,NUL,P,72,205Moustakas,Mike,moustmi01,1988,9,11,Mike Moustakas,9/11/88,NULL,NUL,3B,72,195Moya,Steven,moyast01,1991,8,9,Steven Moya,8/9/91,NULL,NUL,OF,78,230Mujica,Edward,mujiced01,1984,5,10,Edward Mujica,5/10/84,NULL,NUL,P,75,225Murphy,David,murphda07,1981,10,18,David Murphy,10/18/81,NULL,NUL,LF,75,210Murphy,Daniel,murphda08,1985,4,1,Daniel Murphy,4/1/85,NULL,NUL,1B,73,215Murphy,Donnie,murphdo01,1983,3,10,Donnie Murphy,3/10/83,NULL,NUL,1B,70,190Murphy,J. R.,murphjr01,1991,5,13,J. R. Murphy,5/13/91,NULL,NUL,C,71,195Myers,Wil,myerswi01,1990,12,10,Wil Myers,12/10/90,NULL,NUL,1B,75,205Nady,Xavier,nadyxa01,1978,11,14,Xavier Nady,11/14/78,NULL,NUL,1B,74,215Napoli,Mike,napolmi01,1981,10,31,Mike Napoli,10/31/81,NULL,NUL,1B,72,220Nathan,Joe,nathajo01,1974,11,22,Joe Nathan,11/22/74,NULL,NUL,P,76,230Nava,Daniel,navada01,1983,2,22,Daniel Nava,2/22/83,NULL,NUL,1B,71,200Navarro,Dioner,navardi01,1984,2,9,Dioner Navarro,2/9/84,NULL,NUL,C,69,205Navarro,Efren,navaref01,1986,5,14,Efren Navarro,5/14/86,NULL,NUL,1B,72,210Negron,Kristopher,negrokr01,1986,2,1,Kristopher Negron,2/1/86,NULL,NUL,2B,72,195Nelson,Chris,nelsoch01,1985,9,3,Chris Nelson,9/3/85,NULL,NUL,1B,71,205Nelson,Jimmy,nelsoji02,1989,6,5,Jimmy Nelson,6/5/89,NULL,NUL,P,78,245Neris,Hector,nerishe01,1989,6,14,Hector Neris,6/14/89,NULL,NUL,P,74,175Neshek,Pat,neshepa01,1980,9,4,Pat Neshek,9/4/80,NULL,NUL,P,75,210Nicasio,Juan,nicasju01,1986,8,31,Juan Nicasio,8/31/86,NULL,NUL,P,75,210Niese,Jonathon,niesejo01,1986,10,27,Jonathon Niese,10/27/86,NULL,NUL,P,75,220Nieto,Adrian,nietoad01,1989,11,12,Adrian Nieto,11/12/89,NULL,NUL,C,72,200Nieuwenhuis,Kirk,nieuwki01,1987,8,7,Kirk Nieuwenhuis,8/7/87,NULL,NUL,CF,75,225Nieves,Wil,nievewi01,1977,9,25,Wil Nieves,9/25/77,NULL,NUL,1B,71,190Nix,Jayson,nixja01,1982,8,26,Jayson Nix,8/26/82,NULL,NUL,2B,71,195Noesi,Hector,noesihe01,1987,1,26,Hector Noesi,1/26/87,NULL,NUL,P,75,205Nolasco,Ricky,nolasri01,1982,12,13,Ricky Nolasco,12/13/82,NULL,NUL,P,74,225Nolin,Sean,nolinse01,1989,12,26,Sean Nolin,12/26/89,NULL,NUL,P,76,230Norris,Bud,norribu01,1985,3,2,Bud Norris,3/2/85,NULL,NUL,P,72,220Norris,Daniel,norrida01,1993,4,25,Daniel Norris,4/25/93,NULL,NUL,P,74,180Norris,Derek,norride01,1989,2,14,Derek Norris,2/14/89,NULL,NUL,C,72,210Nova,Ivan,novaiv01,1987,1,12,Ivan Nova,1/12/87,NULL,NUL,P,76,225Nunez,Eduardo,nunezed02,1987,6,15,Eduardo Nunez,6/15/87,NULL,NUL,2B,72,185Oviedo,Juan Carlos,nunezle01,1982,3,15,Juan Carlos Oviedo,3/15/82,NULL,NUL,P,74,195Nuno,Vidal,nunovi01,1987,7,26,Vidal Nuno,7/26/87,NULL,NUL,P,71,195Oberholtzer,Brett,oberhbr01,1989,7,1,Brett Oberholtzer,7/1/89,NULL,NUL,P,73,225O'Day,Darren,odayda01,1982,10,22,Darren O'Day,10/22/82,NULL,NUL,P,76,220Odorizzi,Jake,odorija01,1990,3,27,Jake Odorizzi,3/27/90,NULL,NUL,P,74,185Odor,Rougned,odorro01,1994,2,3,Rougned Odor,2/3/94,NULL,NUL,2B,71,170O'Flaherty,Eric,oflaher01,1985,2,5,Eric O'Flaherty,2/5/85,NULL,NUL,P,74,220Ogando,Alexi,ogandal01,1983,10,5,Alexi Ogando,10/5/83,NULL,NUL,P,76,200Oliveros,Lester,olivele01,1988,5,28,Lester Oliveros,5/28/88,NULL,NUL,P,72,235Olivo,Miguel,olivomi01,1978,7,15,Miguel Olivo,7/15/78,NULL,NUL,C,72,230Olt,Mike,oltmi01,1988,8,27,Mike Olt,8/27/88,NULL,NUL,1B,74,210O'Malley,Shawn,omallsh01,1987,12,28,Shawn O'Malley,12/28/87,NULL,NUL,2B,71,165Ondrusek,Logan,ondrulo01,1985,2,13,Logan Ondrusek,2/13/85,NULL,NUL,P,80,230Ortega,Jose,ortegjo01,1988,10,12,Jose Ortega,10/12/88,NULL,NUL,P,71,185Ortiz,David,ortizda01,1975,11,18,David Ortiz,11/18/75,NULL,NUL,1B,76,230O'Sullivan,Sean,osullse01,1987,9,1,Sean O'Sullivan,9/1/87,NULL,NUL,P,73,240Otero,Dan,oteroda01,1985,2,19,Dan Otero,2/19/85,NULL,NUL,P,75,215Ottavino,Adam,ottavad01,1985,11,22,Adam Ottavino,11/22/85,NULL,NUL,P,77,230Outman,Josh,outmajo01,1984,9,14,Josh Outman,9/14/84,NULL,NUL,P,73,205Overbay,Lyle,overbly01,1977,1,28,Lyle Overbay,1/28/77,NULL,NUL,1B,74,235Owens,Rudy,owensru01,1987,12,18,Rudy Owens,12/18/87,NULL,NUL,P,75,240Owings,Chris,owingch01,1991,8,12,Chris Owings,8/12/91,NULL,NUL,2B,70,190Ozuna,Marcell,ozunama01,1990,11,12,Marcell Ozuna,11/12/90,NULL,NUL,CF,73,230Pacheco,Jordan,pachejo01,1986,1,30,Jordan Pacheco,1/30/86,NULL,NUL,1B,73,205Pagan,Angel,paganan01,1981,7,2,Angel Pagan,7/2/81,NULL,NUL,CF,74,200Pagnozzi,Matt,pagnoma01,1982,11,10,Matt Pagnozzi,11/10/82,NULL,NUL,C,74,215Panik,Joe,panikjo01,1990,10,30,Joe Panik,10/30/90,NULL,NUL,2B,73,190Papelbon,Jonathan,papeljo01,1980,11,23,Jonathan Papelbon,11/23/80,NULL,NUL,P,76,215Paredes,Jimmy,paredji01,1988,11,25,Jimmy Paredes,11/25/88,NULL,NUL,2B,75,200Parker,Blake,parkebl01,1985,6,19,Blake Parker,6/19/85,NULL,NUL,P,75,225Parker,Kyle,parkeky01,1989,9,30,Kyle Parker,9/30/89,NULL,NUL,1B,72,205Parmelee,Chris,parmech01,1988,2,24,Chris Parmelee,2/24/88,NULL,NUL,1B,73,220Parnell,Bobby,parnebo01,1984,9,8,Bobby Parnell,9/8/84,NULL,NUL,P,75,205Parra,Gerardo,parrage01,1987,5,6,Gerardo Parra,5/6/87,NULL,NUL,CF,71,200Parra,Manny,parrama01,1982,10,30,Manny Parra,10/30/82,NULL,NUL,P,75,215Parrino,Andy,parrian01,1985,10,31,Andy Parrino,10/31/85,NULL,NUL,2B,72,190Partch,Curtis,partccu01,1987,2,13,Curtis Partch,2/13/87,NULL,NUL,P,77,240Pastornicky,Tyler,pastoty01,1989,12,13,Tyler Pastornicky,12/13/89,NULL,NUL,2B,71,180Paterson,Joe,paterjo01,1986,5,19,Joe Paterson,5/19/86,NULL,NUL,P,72,190Patterson,Red,pattere02,1987,5,11,Red Patterson,5/11/87,NULL,NUL,P,75,220Patton,Spencer,pattosp01,1988,2,20,Spencer Patton,2/20/88,NULL,NUL,P,73,185Patton,Troy,pattotr01,1985,9,3,Troy Patton,9/3/85,NULL,NUL,P,73,180Paulino,Felipe,paulife01,1983,10,5,Felipe Paulino,10/5/83,NULL,NUL,P,75,270Paulsen,Ben,paulsbe01,1987,10,27,Ben Paulsen,10/27/87,NULL,NUL,1B,76,205Paul,Xavier,paulxa01,1985,2,25,Xavier Paul,2/25/85,NULL,NUL,LF,69,205Paxton,James,paxtoja01,1988,11,6,James Paxton,11/6/88,NULL,NUL,P,76,220Peacock,Brad,peacobr01,1988,2,2,Brad Peacock,2/2/88,NULL,NUL,P,73,210Pearce,Steve,pearcst01,1983,4,13,Steve Pearce,4/13/83,NULL,NUL,1B,71,210Peavy,Jake,peavyja01,1981,5,31,Jake Peavy,5/31/81,NULL,NUL,P,73,195Pederson,Joc,pederjo01,1992,4,21,Joc Pederson,4/21/92,NULL,NUL,CF,73,185Pedroia,Dustin,pedrodu01,1983,8,17,Dustin Pedroia,8/17/83,NULL,NUL,2B,68,165Peguero,Carlos,pegueca01,1987,2,22,Carlos Peguero,2/22/87,NULL,NUL,OF,77,250Pelfrey,Mike,pelfrmi01,1984,1,14,Mike Pelfrey,1/14/84,NULL,NUL,P,79,250Pena,Brayan,penabr01,1982,1,7,Brayan Pena,1/7/82,NULL,NUL,1B,69,230Pena,Carlos,penaca01,1978,5,17,Carlos Pena,5/17/78,NULL,NUL,1B,74,225Pena,Francisco,penafr01,1989,10,12,Francisco Pena,10/12/89,NULL,NUL,C,74,230Pena,Ramiro,penara02,1985,7,18,Ramiro Pena,7/18/85,NULL,NUL,2B,71,200Pence,Hunter,pencehu01,1983,4,13,Hunter Pence,4/13/83,NULL,NUL,CF,76,220Pennington,Cliff,pennicl01,1984,6,15,Cliff Pennington,6/15/84,NULL,NUL,2B,70,195Penny,Brad,pennybr01,1978,5,24,Brad Penny,5/24/78,NULL,NUL,P,76,230Peralta,David,peralda01,1987,8,14,David Peralta,8/14/87,NULL,NUL,CF,74,215Peralta,Jhonny,peraljh01,1982,5,28,Jhonny Peralta,5/28/82,NULL,NUL,SS,74,215Peralta,Joel,peraljo01,1976,3,23,Joel Peralta,3/23/76,NULL,NUL,P,71,210Peralta,Wily,peralwi01,1989,5,8,Wily Peralta,5/8/89,NULL,NUL,P,73,245Perez,Chris,perezch01,1985,7,1,Chris Perez,7/1/85,NULL,NUL,P,76,230Perez,Eury,perezeu01,1990,5,30,Eury Perez,5/30/90,NULL,NUL,CF,72,190Perez,Hernan,perezhe01,1991,3,26,Hernan Perez,3/26/91,NULL,NUL,2B,73,185Perez,Juan,perezju02,1986,11,13,Juan Perez,11/13/86,NULL,NUL,CF,71,185Perez,Martin,perezma02,1991,4,4,Martin Perez,4/4/91,NULL,NUL,P,72,190Perez,Oliver,perezol01,1981,8,15,Oliver Perez,8/15/81,NULL,NUL,P,75,220Perez,Roberto,perezro02,1988,12,23,Roberto Perez,12/23/88,NULL,NUL,C,71,225Perez,Salvador,perezsa02,1990,5,10,Salvador Perez,5/10/90,NULL,NUL,C,75,240Perkins,Glen,perkigl01,1983,3,2,Glen Perkins,3/2/83,NULL,NUL,P,72,205Pestano,Vinnie,pestavi01,1985,2,20,Vinnie Pestano,2/20/85,NULL,NUL,P,72,200Peterson,Jace,peterja01,1990,5,9,Jace Peterson,5/9/90,NULL,NUL,2B,72,210Petit,Gregorio,petitgr01,1984,12,10,Gregorio Petit,12/10/84,NULL,NUL,2B,70,195Petit,Yusmeiro,petityu01,1984,11,22,Yusmeiro Petit,11/22/84,NULL,NUL,P,73,250Petricka,Jake,petrija01,1988,6,5,Jake Petricka,6/5/88,NULL,NUL,P,77,205Pettibone,Jonathan,pettijo02,1990,7,19,Jonathan Pettibone,7/19/90,NULL,NUL,P,78,225Pham,Tommy,phamth01,1988,3,8,Tommy Pham,3/8/88,NULL,NUL,LF,73,175Phegley,Josh,phegljo01,1988,2,12,Josh Phegley,2/12/88,NULL,NUL,C,70,225Phelps,David,phelpda01,1986,10,9,David Phelps,10/9/86,NULL,NUL,P,74,200Phillips,Brandon,phillbr01,1981,6,28,Brandon Phillips,6/28/81,NULL,NUL,2B,72,200Pierzynski,A. J.,pierzaj01,1976,12,30,A. J. Pierzynski,12/30/76,NULL,NUL,C,75,235Pillar,Kevin,pillake01,1989,1,4,Kevin Pillar,1/4/89,NULL,NUL,CF,72,205Pimentel,Stolmy,pimenst01,1990,2,1,Stolmy Pimentel,2/1/90,NULL,NUL,P,75,230Pineda,Michael,pinedmi01,1989,1,18,Michael Pineda,1/18/89,NULL,NUL,P,79,265Pino,Yohan,pinoyo01,1983,12,26,Yohan Pino,12/26/83,NULL,NUL,P,74,190Pinto,Josmil,pintojo01,1989,3,31,Josmil Pinto,3/31/89,NULL,NUL,C,71,210Pirela,Jose,pireljo01,1989,11,21,Jose Pirela,11/21/89,NULL,NUL,2B,71,210Plouffe,Trevor,plouftr01,1986,6,15,Trevor Plouffe,6/15/86,NULL,NUL,3B,74,205Polanco,Gregory,polangr01,1991,9,14,Gregory Polanco,9/14/91,NULL,NUL,OF,76,220Polanco,Jorge,polanjo01,1993,7,5,Jorge Polanco,7/5/93,NULL,NUL,SS,71,165Pollock,A. J.,polloaj01,1987,12,5,A. J. Pollock,12/5/87,NULL,NUL,CF,73,195Pomeranz,Drew,pomerdr01,1988,11,22,Drew Pomeranz,11/22/88,NULL,NUL,P,77,240Pompey,Dalton,pompeda01,1992,12,11,Dalton Pompey,12/11/92,NULL,NUL,CF,74,195Porcello,Rick,porceri01,1988,12,27,Rick Porcello,12/27/88,NULL,NUL,P,77,200Poreda,Aaron,poredaa01,1986,10,1,Aaron Poreda,10/1/86,NULL,NUL,P,78,240Posey,Buster,poseybu01,1987,3,27,Buster Posey,3/27/87,NULL,NUL,1B,73,215Prado,Martin,pradoma01,1983,10,27,Martin Prado,10/27/83,NULL,NUL,2B,73,190Presley,Alex,preslal01,1985,7,25,Alex Presley,7/25/85,NULL,NUL,CF,70,190Pressly,Ryan,pressry01,1988,12,15,Ryan Pressly,12/15/88,NULL,NUL,P,75,205Price,Bryan,pricebr01,1986,11,13,Bryan Price,11/13/86,NULL,NUL,P,76,215Price,David,priceda01,1985,8,26,David Price,8/26/85,NULL,NUL,P,78,210Pridie,Jason,pridija01,1983,10,9,Jason Pridie,10/9/83,NULL,NUL,LF,73,205Pryor,Stephen,pryorst01,1989,7,23,Stephen Pryor,7/23/89,NULL,NUL,P,76,245Puig,Yasiel,puigya01,1990,12,7,Yasiel Puig,12/7/90,NULL,NUL,CF,75,235Pujols,Albert,pujolal01,1980,1,16,Albert Pujols,1/16/80,NULL,NUL,1B,75,230Punto,Nick,puntoni01,1977,11,8,Nick Punto,11/8/77,NULL,NUL,2B,69,195Putkonen,Luke,putkolu01,1986,5,10,Luke Putkonen,5/10/86,NULL,NUL,P,78,215Putnam,Zach,putnaza01,1987,7,3,Zach Putnam,7/3/87,NULL,NUL,P,74,225Putz,J. J.,putzjj01,1977,2,22,J. J. Putz,2/22/77,NULL,NUL,P,77,250Quackenbush,Kevin,quackke01,1988,11,28,Kevin Quackenbush,11/28/88,NULL,NUL,P,76,220Qualls,Chad,quallch01,1978,8,17,Chad Qualls,8/17/78,NULL,NUL,P,76,240Quentin,Carlos,quentca01,1982,8,28,Carlos Quentin,8/28/82,NULL,NUL,LF,73,235Quintero,Humberto,quinthu01,1979,8,2,Humberto Quintero,8/2/79,NULL,NUL,C,69,215Quintana,Jose,quintjo01,1989,1,24,Jose Quintana,1/24/89,NULL,NUL,P,73,220Quintanilla,Omar,quintom01,1981,10,24,Omar Quintanilla,10/24/81,NULL,NUL,2B,69,185Quiroz,Guillermo,quirogu01,1981,11,29,Guillermo Quiroz,11/29/81,NULL,NUL,C,73,230Raburn,Ryan,raburry01,1981,4,17,Ryan Raburn,4/17/81,NULL,NUL,1B,72,185Ramirez,Alexei,ramiral03,1981,9,22,Alexei Ramirez,9/22/81,NULL,NUL,SS,74,180Ramirez,Aramis,ramirar01,1978,6,25,Aramis Ramirez,6/25/78,NULL,NUL,3B,73,205Ramirez,Erasmo,ramirer02,1990,5,2,Erasmo Ramirez,5/2/90,NULL,NUL,P,71,200Ramirez,Hanley,ramirha01,1983,12,23,Hanley Ramirez,12/23/83,NULL,NUL,SS,74,225Ramirez,Jose,ramirjo01,1992,9,17,Jose Ramirez,9/17/92,NULL,NUL,2B,69,165Ramirez,Jose,ramirjo02,1990,1,21,Jose Ramirez,1/21/90,NULL,NUL,P,75,190Ramirez,Neil,ramirne01,1989,5,25,Neil Ramirez,5/25/89,NULL,NUL,P,76,190Ramirez,Ramon,ramirra02,1981,8,31,Ramon Ramirez,8/31/81,NULL,NUL,P,71,200Ramos,A. J.,ramosaj01,1986,9,20,A. J. Ramos,9/20/86,NULL,NUL,P,70,205Ramos,Cesar,ramosce01,1984,6,22,Cesar Ramos,6/22/84,NULL,NUL,P,74,200Ramos,Wilson,ramoswi01,1987,8,10,Wilson Ramos,8/10/87,NULL,NUL,C,72,235Ranaudo,Anthony,ranauan01,1989,9,9,Anthony Ranaudo,9/9/89,NULL,NUL,P,79,230Rasmus,Colby,rasmuco01,1986,8,11,Colby Rasmus,8/11/86,NULL,NUL,CF,74,195Rasmus,Cory,rasmuco02,1987,11,6,Cory Rasmus,11/6/87,NULL,NUL,P,72,200Rasmussen,Rob,rasmuro01,1989,4,2,Rob Rasmussen,4/2/89,NULL,NUL,P,70,170Ray,Robbie,rayro02,1991,10,1,Robbie Ray,10/1/91,NULL,NUL,P,74,195Realmuto,J. T.,realmjt01,1991,3,18,J. T. Realmuto,3/18/91,NULL,NUL,C,73,215Recker,Anthony,reckean01,1983,8,29,Anthony Recker,8/29/83,NULL,NUL,C,74,240Reddick,Josh,reddijo01,1987,2,19,Josh Reddick,2/19/87,NULL,NUL,CF,74,180Redmond,Todd,redmoto01,1985,5,17,Todd Redmond,5/17/85,NULL,NUL,P,75,240Reed,Addison,reedad01,1988,12,27,Addison Reed,12/27/88,NULL,NUL,P,76,220Reed,Evan,reedev01,1985,12,31,Evan Reed,12/31/85,NULL,NUL,P,76,255Reimold,Nolan,reimono01,1983,10,12,Nolan Reimold,10/12/83,NULL,NUL,OF,76,205Rendon,Anthony,rendoan01,1990,6,6,Anthony Rendon,6/6/90,NULL,NUL,2B,73,200Revere,Ben,reverbe01,1988,5,3,Ben Revere,5/3/88,NULL,NUL,CF,69,165Reyes,Jose,reyesjo01,1983,6,11,Jose Reyes,6/11/83,NULL,NUL,SS,72,195Reynolds,Mark,reynoma01,1983,8,3,Mark Reynolds,8/3/83,NULL,NUL,1B,74,220Rice,Scott,ricesc01,1981,9,21,Scott Rice,9/21/81,NULL,NUL,P,78,225Richardson,Antoan,richaan01,1983,10,8,Antoan Richardson,10/8/83,NULL,NUL,CF,68,165Richards,Garrett,richaga01,1988,5,27,Garrett Richards,5/27/88,NULL,NUL,P,75,210Riefenhauser,C. J.,riefecj01,1990,1,30,C. J. Riefenhauser,1/30/90,NULL,NUL,P,72,180Rienzo,Andre,rienzan01,1988,7,5,Andre Rienzo,7/5/88,NULL,NUL,P,75,190Rios,Alex,riosal01,1981,2,18,Alex Rios,2/18/81,NULL,NUL,OF,77,210Rivero,Carlos,riverca02,1988,5,20,Carlos Rivero,5/20/88,NULL,NUL,3B,75,200Rivera,Rene,riverre01,1983,7,31,Rene Rivera,7/31/83,NULL,NUL,1B,70,215Rizzo,Anthony,rizzoan01,1989,8,8,Anthony Rizzo,8/8/89,NULL,NUL,1B,75,240Roach,Donn,roachdo01,1989,12,14,Donn Roach,12/14/89,NULL,NUL,P,72,195Roark,Tanner,roarkta01,1986,10,5,Tanner Roark,10/5/86,NULL,NUL,P,74,230Roberts,Brian,roberbr01,1977,10,9,Brian Roberts,10/9/77,NULL,NUL,2B,69,175Robertson,David,roberda08,1985,4,9,David Robertson,4/9/85,NULL,NUL,P,71,195Robertson,Dan,roberda09,1985,9,30,Dan Robertson,9/30/85,NULL,NUL,2B,68,170Roberts,Ryan,roberry01,1980,9,19,Ryan Roberts,9/19/80,NULL,NUL,3B,71,185Robinson,Clint,robincl01,1985,2,16,Clint Robinson,2/16/85,NULL,NUL,1B,77,225Robinson,Shane,robinsh01,1984,10,30,Shane Robinson,10/30/84,NULL,NUL,CF,69,165Rodney,Fernando,rodnefe01,1977,3,18,Fernando Rodney,3/18/77,NULL,NUL,P,71,220Rodriguez,Fernando,rodrife02,1984,6,18,Fernando Rodriguez,6/18/84,NULL,NUL,P,75,235Rodriguez,Francisco,rodrifr03,1982,1,7,Francisco Rodriguez,1/7/82,NULL,NUL,P,72,195Rodriguez,Guilder,rodrigu02,1983,7,24,Guilder Rodriguez,7/24/83,NULL,NUL,2B,73,190Rodriguez,Henry,rodrihe03,1987,2,25,Henry Rodriguez,2/25/87,NULL,NUL,P,73,225Rodriguez,Sean,rodrise01,1985,4,26,Sean Rodriguez,4/26/85,NULL,NUL,1B,72,200Rodriguez,Paco,rodrist02,1991,4,16,Paco Rodriguez,4/16/91,NULL,NUL,P,75,220Rodriguez,Wandy,rodriwa01,1979,1,18,Wandy Rodriguez,1/18/79,NULL,NUL,P,71,195Rodriguez,Wilking,rodriwi02,1990,3,2,Wilking Rodriguez,3/2/90,NULL,NUL,P,73,180Rodriguez,Yorman,rodriyo01,1992,8,15,Yorman Rodriguez,8/15/92,NULL,NUL,CF,75,195Roe,Chaz,roech01,1986,10,9,Chaz Roe,10/9/86,NULL,NUL,P,77,190Rogers,Esmil,rogeres01,1985,8,14,Esmil Rogers,8/14/85,NULL,NUL,P,75,200Rogers,Jason,rogerja02,1988,3,13,Jason Rogers,3/13/88,NULL,NUL,1B,74,245Rojas,Miguel,rojasmi02,1989,2,24,Miguel Rojas,2/24/89,NULL,NUL,2B,72,150Rollins,Jimmy,rolliji01,1978,11,27,Jimmy Rollins,11/27/78,NULL,NUL,SS,68,180Romak,Jamie,romakja01,1985,9,30,Jamie Romak,9/30/85,NULL,NUL,1B,75,226Romero,Stefen,romerst01,1988,10,17,Stefen Romero,10/17/88,NULL,NUL,LF,74,220Romine,Andrew,rominan01,1985,12,24,Andrew Romine,12/24/85,NULL,NUL,2B,73,200Romine,Austin,rominau01,1988,11,22,Austin Romine,11/22/88,NULL,NUL,1B,72,215Romo,Sergio,romose01,1983,3,4,Sergio Romo,3/4/83,NULL,NUL,P,70,185Rondon,Hector,rondohe01,1988,2,26,Hector Rondon,2/26/88,NULL,NUL,P,75,180Rondon,Jorge,rondojo01,1988,2,16,Jorge Rondon,2/16/88,NULL,NUL,P,73,215Rosales,Adam,rosalad01,1983,5,20,Adam Rosales,5/20/83,NULL,NUL,1B,73,195Rosario,Wilin,rosarwi01,1989,2,23,Wilin Rosario,2/23/89,NULL,NUL,1B,71,220Rosenberg,B. J.,rosenbj01,1985,9,17,B. J. Rosenberg,9/17/85,NULL,NUL,P,75,220Rosenthal,Trevor,rosentr01,1990,5,29,Trevor Rosenthal,5/29/90,NULL,NUL,P,74,220Rosin,Seth,rosinse01,1988,11,2,Seth Rosin,11/2/88,NULL,NUL,P,78,265Ross,Cody,rossco01,1980,12,23,Cody Ross,12/23/80,NULL,NUL,LF,70,195Rosscup,Zac,rosscza01,1988,6,9,Zac Rosscup,6/9/88,NULL,NUL,P,74,205Ross,David,rossda01,1977,3,19,David Ross,3/19/77,NULL,NUL,C,74,230Ross,Robbie,rossro01,1989,6,24,Robbie Ross,6/24/89,NULL,NUL,P,71,215Ross,Tyson,rossty01,1987,4,22,Tyson Ross,4/22/87,NULL,NUL,P,77,225Roth,Michael,rothmi01,1990,2,15,Michael Roth,2/15/90,NULL,NUL,P,73,210Rowen,Ben,rowenbe01,1988,11,15,Ben Rowen,11/15/88,NULL,NUL,P,76,190Rowland-Smith,Ryan,rowlary01,1983,1,26,Ryan Rowland-Smith,1/26/83,NULL,NUL,P,75,250Rua,Ryan,ruary01,1990,3,11,Ryan Rua,3/11/90,NULL,NUL,1B,74,205Rucinski,Drew,rucindr01,1988,12,30,Drew Rucinski,12/30/88,NULL,NUL,P,74,190Ruf,Darin,rufda01,1986,7,28,Darin Ruf,7/28/86,NULL,NUL,1B,75,240Ruggiano,Justin,ruggiju01,1982,4,12,Justin Ruggiano,4/12/82,NULL,NUL,CF,73,210Ruiz,Carlos,ruizca01,1979,1,22,Carlos Ruiz,1/22/79,NULL,NUL,C,70,205Rupp,Cameron,ruppca01,1988,9,28,Cameron Rupp,9/28/88,NULL,NUL,C,74,250Rusin,Chris,rusinch01,1986,10,22,Chris Rusin,10/22/86,NULL,NUL,P,74,195Russell,James,russeja02,1986,1,8,James Russell,1/8/86,NULL,NUL,P,76,200Rutledge,Josh,rutlejo01,1989,4,21,Josh Rutledge,4/21/89,NULL,NUL,2B,73,190Ryan,Brendan,ryanbr01,1982,3,26,Brendan Ryan,3/26/82,NULL,NUL,1B,74,195Ryan,Kyle,ryanky01,1991,9,25,Kyle Ryan,9/25/91,NULL,NUL,P,77,180Ryu,Hyun-jin,ryuhy01,1987,3,25,Hyun-jin Ryu,3/25/87,NULL,NUL,P,74,255Rzepczynski,Marc,rzepcma01,1985,8,29,Marc Rzepczynski,8/29/85,NULL,NUL,P,74,220Sabathia,CC,sabatcc01,1980,7,21,CC Sabathia,7/21/80,NULL,NUL,P,79,285Sadler,Casey,sadleca02,1990,7,13,Casey Sadler,7/13/90,NULL,NUL,P,76,215Salas,Fernando,salasfe01,1985,5,30,Fernando Salas,5/30/85,NULL,NUL,P,74,210Salazar,Danny,salazda01,1990,1,11,Danny Salazar,1/11/90,NULL,NUL,P,72,190Sale,Chris,salech01,1989,3,30,Chris Sale,3/30/89,NULL,NUL,P,78,180Saltalamacchia,Jarrod,saltaja01,1985,5,2,Jarrod Saltalamacchia,5/2/85,NULL,NUL,C,75,235Samardzija,Jeff,samarje01,1985,1,23,Jeff Samardzija,1/23/85,NULL,NUL,P,77,225Sanchez,Aaron,sanchaa01,1992,7,1,Aaron Sanchez,7/1/92,NULL,NUL,P,76,200Sanchez,Anibal,sanchan01,1984,2,27,Anibal Sanchez,2/27/84,NULL,NUL,P,72,205Sanchez,Carlos,sanchca01,1992,6,29,Carlos Sanchez,6/29/92,NULL,NUL,2B,71,195Sanchez,Gaby,sanchga01,1983,9,2,Gaby Sanchez,9/2/83,NULL,NUL,1B,73,235Sanchez,Hector,sanchhe01,1989,11,17,Hector Sanchez,11/17/89,NULL,NUL,1B,72,235Sanchez,Tony,sanchto01,1988,5,20,Tony Sanchez,5/20/88,NULL,NUL,C,71,225Sandoval,Pablo,sandopa01,1986,8,11,Pablo Sandoval,8/11/86,NULL,NUL,3B,71,245Santana,Carlos,santaca01,1986,4,8,Carlos Santana,4/8/86,NULL,NUL,1B,71,210Santana,Danny,santada01,1990,11,7,Danny Santana,11/7/90,NULL,NUL,CF,71,175Santana,Domingo,santado01,1992,8,5,Domingo Santana,8/5/92,NULL,NUL,LF,77,225Santana,Ervin,santaer01,1982,12,12,Ervin Santana,12/12/82,NULL,NUL,P,74,185Santiago,Hector,santihe01,1987,12,16,Hector Santiago,12/16/87,NULL,NUL,P,72,210Santiago,Ramon,santira01,1979,8,31,Ramon Santiago,8/31/79,NULL,NUL,2B,71,175Santos,Sergio,santose01,1983,7,4,Sergio Santos,7/4/83,NULL,NUL,P,75,215Sardinas,Luis,sardilu01,1993,5,16,Luis Sardinas,5/16/93,NULL,NUL,2B,73,150Satin,Josh,satinjo01,1984,12,23,Josh Satin,12/23/84,NULL,NUL,1B,74,215Saunders,Joe,saundjo01,1981,6,16,Joe Saunders,6/16/81,NULL,NUL,P,75,215Saunders,Michael,saundmi01,1986,11,19,Michael Saunders,11/19/86,NULL,NUL,CF,76,225Savery,Joe,saverjo01,1985,11,4,Joe Savery,11/4/85,NULL,NUL,P,75,235Scahill,Rob,scahiro01,1987,2,15,Rob Scahill,2/15/87,NULL,NUL,P,74,220Schafer,Jordan,schafjo02,1986,9,4,Jordan Schafer,9/4/86,NULL,NUL,CF,73,205Schafer,Logan,schaflo01,1986,9,8,Logan Schafer,9/8/86,NULL,NUL,CF,73,195Scheppers,Tanner,schepta01,1987,1,17,Tanner Scheppers,1/17/87,NULL,NUL,P,76,200Scherzer,Max,scherma01,1984,7,27,Max Scherzer,7/27/84,NULL,NUL,P,75,220Schierholtz,Nate,schiena01,1984,2,15,Nate Schierholtz,2/15/84,NULL,NUL,OF,74,215Schlitter,Brian,schlibr01,1985,12,21,Brian Schlitter,12/21/85,NULL,NUL,P,77,240Schlosser,Gus,schlogu01,1988,10,20,Gus Schlosser,10/20/88,NULL,NUL,P,76,225Schoop,Jonathan,schoojo01,1991,10,16,Jonathan Schoop,10/16/91,NULL,NUL,2B,74,210Schultz,Bo,schulbo02,1985,9,25,Bo Schultz,9/25/85,NULL,NUL,P,75,220Schumaker,Skip,schumsk01,1980,2,3,Skip Schumaker,2/3/80,NULL,NUL,2B,70,195Scribner,Evan,scribev01,1985,7,19,Evan Scribner,7/19/85,NULL,NUL,P,75,190Scruggs,Xavier,scrugxa01,1987,9,23,Xavier Scruggs,9/23/87,NULL,NUL,1B,73,220Scutaro,Marco,scutama01,1975,10,30,Marco Scutaro,10/30/75,NULL,NUL,2B,70,185Seager,Kyle,seageky01,1987,11,3,Kyle Seager,11/3/87,NULL,NUL,3B,72,210Segura,Jean,segurje01,1990,3,17,Jean Segura,3/17/90,NULL,NUL,SS,70,205Sellers,Justin,selleju01,1986,2,1,Justin Sellers,2/1/86,NULL,NUL,2B,70,160Semien,Marcus,semiema01,1990,9,17,Marcus Semien,9/17/90,NULL,NUL,2B,73,195Shaw,Bryan,shawbr01,1987,11,8,Bryan Shaw,11/8/87,NULL,NUL,P,73,210Shields,James,shielja02,1981,12,20,James Shields,12/20/81,NULL,NUL,P,75,215Shoemaker,Matt,shoemma01,1986,9,27,Matt Shoemaker,9/27/86,NULL,NUL,P,74,225Shreve,Chasen,shrevch01,1990,7,12,Chasen Shreve,7/12/90,NULL,NUL,P,75,190Shuck,J. B.,shuckja01,1987,6,18,J. B. Shuck,6/18/87,NULL,NUL,LF,71,195Siegrist,Kevin,siegrke01,1989,7,20,Kevin Siegrist,7/20/89,NULL,NUL,P,77,215Sierra,Moises,sierrmo01,1988,9,24,Moises Sierra,9/24/88,NULL,NUL,LF,73,220Simmons,Andrelton,simmoan01,1989,9,4,Andrelton Simmons,9/4/89,NULL,NUL,SS,74,195Simmons,Shae,simmosh01,1990,9,3,Shae Simmons,9/3/90,NULL,NUL,P,71,175Simon,Alfredo,simonal01,1981,5,8,Alfredo Simon,5/8/81,NULL,NUL,P,78,265Singleton,Jon,singljo02,1991,9,18,Jon Singleton,9/18/91,NULL,NUL,1B,74,255Sipp,Tony,sippto01,1983,7,12,Tony Sipp,7/12/83,NULL,NUL,LF,72,190Sizemore,Grady,sizemgr01,1982,8,2,Grady Sizemore,8/2/82,NULL,NUL,CF,74,200Sizemore,Scott,sizemsc01,1985,1,4,Scott Sizemore,1/4/85,NULL,NUL,1B,72,185Skaggs,Tyler,skaggty01,1991,7,13,Tyler Skaggs,7/13/91,NULL,NUL,P,76,215Slowey,Kevin,sloweke01,1984,5,4,Kevin Slowey,5/4/84,NULL,NUL,P,75,205Smith,Carson,smithca02,1989,10,19,Carson Smith,10/19/89,NULL,NUL,P,78,215Smith,Chad,smithch08,1989,10,2,Chad Smith,10/2/89,NULL,NUL,P,75,215Smith,Joe,smithjo05,1984,3,22,Joe Smith,3/22/84,NULL,NUL,P,74,205Smith,Seth,smithse01,1982,9,30,Seth Smith,9/30/82,NULL,NUL,LF,75,210Smith,Will,smithwi04,1989,7,10,Will Smith,7/10/89,NULL,NUL,P,77,250Smoak,Justin,smoakju01,1986,12,5,Justin Smoak,12/5/86,NULL,NUL,1B,76,230Smolinski,Jake,smolija01,1989,2,9,Jake Smolinski,2/9/89,NULL,NUL,LF,71,215Smyly,Drew,smylydr01,1989,6,13,Drew Smyly,6/13/89,NULL,NUL,P,75,190Snider,Travis,snidetr01,1988,2,2,Travis Snider,2/2/88,NULL,NUL,LF,72,235Snodgress,Scott,snodgsc01,1989,9,20,Scott Snodgress,9/20/89,NULL,NUL,P,78,225Snyder,Brad,snydebr02,1982,5,25,Brad Snyder,5/25/82,NULL,NUL,1B,75,220Sogard,Eric,sogarer01,1986,5,22,Eric Sogard,5/22/86,NULL,NUL,2B,70,190Solano,Donovan,solando01,1987,12,17,Donovan Solano,12/17/87,NULL,NUL,2B,69,205Solarte,Yangervis,solarya01,1987,7,7,Yangervis Solarte,7/7/87,NULL,NUL,2B,71,195Soler,Jorge,solerjo01,1992,2,25,Jorge Soler,2/25/92,NULL,NUL,OF,76,215Solis,Ali,solisal01,1987,9,29,Ali Solis,9/29/87,NULL,NUL,C,72,175Soriano,Alfonso,soriaal01,1976,1,7,Alfonso Soriano,1/7/76,NULL,NUL,LF,73,195Soria,Joakim,soriajo01,1984,5,18,Joakim Soria,5/18/84,NULL,NUL,P,75,200Soriano,Rafael,soriara01,1979,12,19,Rafael Soriano,12/19/79,NULL,NUL,P,76,230Soto,Geovany,sotoge01,1983,1,20,Geovany Soto,1/20/83,NULL,NUL,C,73,235Soto,Neftali,sotone01,1989,2,28,Neftali Soto,2/28/89,NULL,NUL,1B,73,215Souza,Steven,souzast01,1989,4,24,Steven Souza,4/24/89,NULL,NUL,CF,76,225Span,Denard,spande01,1984,2,27,Denard Span,2/27/84,NULL,NUL,CF,72,210Spangenberg,Cory,spangco01,1991,3,16,Cory Spangenberg,3/16/91,NULL,NUL,2B,72,195Springer,George,springe01,1989,9,19,George Springer,9/19/89,NULL,NUL,CF,75,205Spruill,Zeke,spruize01,1989,9,11,Zeke Spruill,9/11/89,NULL,NUL,P,77,190Stammen,Craig,stammcr01,1984,3,9,Craig Stammen,3/9/84,NULL,NUL,P,76,225Stanton,Giancarlo,stantmi03,1989,11,8,Giancarlo Stanton,11/8/89,NULL,NUL,OF,78,240Stassi,Max,stassma01,1991,3,15,Max Stassi,3/15/91,NULL,NUL,C,70,200Stauffer,Tim,staufti01,1982,6,2,Tim Stauffer,6/2/82,NULL,NUL,P,73,210Stewart,Chris,stewach01,1982,2,19,Chris Stewart,2/19/82,NULL,NUL,C,76,210Stewart,Ian,stewaia01,1985,4,5,Ian Stewart,4/5/85,NULL,NUL,1B,75,215Stinson,Josh,stinsjo01,1988,3,14,Josh Stinson,3/14/88,NULL,NUL,P,76,210Stites,Matt,stitema01,1990,5,28,Matt Stites,5/28/90,NULL,NUL,P,71,195Storen,Drew,storedr01,1987,8,11,Drew Storen,8/11/87,NULL,NUL,P,73,195Straily,Dan,straida01,1988,12,1,Dan Straily,12/1/88,NULL,NUL,P,74,215Strasburg,Stephen,strasst01,1988,7,20,Stephen Strasburg,7/20/88,NULL,NUL,P,76,230Street,Huston,streehu01,1983,8,2,Huston Street,8/2/83,NULL,NUL,P,72,195Strickland,Hunter,strichu01,1988,9,24,Hunter Strickland,9/24/88,NULL,NUL,P,76,220Stroman,Marcus,stromma01,1991,5,1,Marcus Stroman,5/1/91,NULL,NUL,P,69,185Strop,Pedro,stroppe01,1985,6,13,Pedro Strop,6/13/85,NULL,NUL,P,73,220Stubbs,Drew,stubbdr01,1984,10,4,Drew Stubbs,10/4/84,NULL,NUL,CF,76,205Stults,Eric,stulter01,1979,12,9,Eric Stults,12/9/79,NULL,NUL,P,74,220Suarez,Eugenio,suareeu01,1991,7,18,Eugenio Suarez,7/18/91,NULL,NUL,3B,71,180Sucre,Jesus,sucreje01,1988,4,30,Jesus Sucre,4/30/88,NULL,NUL,C,72,225Surkamp,Eric,surkaer01,1987,7,16,Eric Surkamp,7/16/87,NULL,NUL,P,77,220Susac,Andrew,susacan01,1990,3,22,Andrew Susac,3/22/90,NULL,NUL,C,73,215Suzuki,Ichiro,suzukic01,1973,10,22,Ichiro Suzuki,10/22/73,NULL,NUL,CF,71,170Suzuki,Kurt,suzukku01,1983,10,4,Kurt Suzuki,10/4/83,NULL,NUL,C,71,230Swarzak,Anthony,swarzan01,1985,9,10,Anthony Swarzak,9/10/85,NULL,NUL,P,76,210Sweeney,Ryan,sweenry01,1985,2,20,Ryan Sweeney,2/20/85,NULL,NUL,CF,76,225Swisher,Nick,swishni01,1980,11,25,Nick Swisher,11/25/80,NULL,NUL,1B,72,200Szczur,Matt,szczuma01,1989,7,20,Matt Szczur,7/20/89,NULL,NUL,CF,73,195Tabata,Jose,tabatjo01,1988,8,12,Jose Tabata,8/12/88,NULL,NUL,CF,71,210Tanaka,Masahiro,tanakma01,1988,11,1,Masahiro Tanaka,11/1/88,NULL,NUL,P,74,205Taveras,Oscar,taveros01,1992,6,19,Oscar Taveras,6/19/92,NULL,NUL,CF,74,200Taylor,Chris,tayloch03,1990,8,29,Chris Taylor,8/29/90,NULL,NUL,SS,73,190Taylor,Michael,taylomi01,1985,12,19,Michael Taylor,12/19/85,NULL,NUL,LF,77,255Taylor,Michael,taylomi02,1991,3,26,Michael Taylor,3/26/91,NULL,NUL,CF,75,210Tazawa,Junichi,tazawju01,1986,6,6,Junichi Tazawa,6/6/86,NULL,NUL,P,71,200Teagarden,Taylor,teagata01,1983,12,21,Taylor Teagarden,12/21/83,NULL,NUL,C,72,210Teheran,Julio,teherju01,1991,1,27,Julio Teheran,1/27/91,NULL,NUL,P,74,200Teixeira,Mark,teixema01,1980,4,11,Mark Teixeira,4/11/80,NULL,NUL,1B,75,215Tejada,Ruben,tejadru01,1989,10,27,Ruben Tejada,10/27/89,NULL,NUL,SS,71,200Telis,Tomas,telisto01,1991,6,18,Tomas Telis,6/18/91,NULL,NUL,C,68,200Tepesch,Nick,tepesni01,1988,10,12,Nick Tepesch,10/12/88,NULL,NUL,P,76,225Terdoslavich,Joey,terdojo01,1988,9,9,Joey Terdoslavich,9/9/88,NULL,NUL,1B,74,200Thatcher,Joe,thatcjo01,1981,10,4,Joe Thatcher,10/4/81,NULL,NUL,P,74,230Thayer,Dale,thayeda01,1980,12,17,Dale Thayer,12/17/80,NULL,NUL,P,72,210Thielbar,Caleb,thielca01,1987,1,31,Caleb Thielbar,1/31/87,NULL,NUL,P,72,195Thole,Josh,tholejo01,1986,10,28,Josh Thole,10/28/86,NULL,NUL,C,73,205Thomas,Ian,thomaia01,1987,4,20,Ian Thomas,4/20/87,NULL,NUL,P,76,215Thompson,Aaron,thompaa01,1987,2,28,Aaron Thompson,2/28/87,NULL,NUL,P,75,195Thompson,Taylor,thompta01,1987,6,18,Taylor Thompson,6/18/87,NULL,NUL,P,77,225Thornton,Matt,thornma01,1976,9,15,Matt Thornton,9/15/76,NULL,NUL,P,78,235Thornburg,Tyler,thornty01,1988,9,29,Tyler Thornburg,9/29/88,NULL,NUL,P,71,190Tillman,Chris,tillmch01,1988,4,15,Chris Tillman,4/15/88,NULL,NUL,P,77,210Tolleson,Shawn,tollesh01,1988,1,19,Shawn Tolleson,1/19/88,NULL,NUL,P,74,210Tolleson,Steven,tollest01,1983,11,1,Steven Tolleson,11/1/83,NULL,NUL,2B,71,185Tomlin,Josh,tomlijo01,1984,10,19,Josh Tomlin,10/19/84,NULL,NUL,P,73,190Tonkin,Michael,tonkimi01,1989,11,19,Michael Tonkin,11/19/89,NULL,NUL,P,79,220Torres,Alex,torreal01,1987,12,8,Alex Torres,12/8/87,NULL,NUL,P,70,175Torres,Carlos,torreca01,1982,10,22,Carlos Torres,10/22/82,NULL,NUL,P,73,180Tovar,Wilfredo,tovarwi01,1991,8,11,Wilfredo Tovar,8/11/91,NULL,NUL,SS,70,180Treinen,Blake,treinbl01,1988,6,30,Blake Treinen,6/30/88,NULL,NUL,P,77,215Triunfel,Carlos,triunca01,1990,2,27,Carlos Triunfel,2/27/90,NULL,NUL,SS,71,195Tropeano,Nick,tropeni01,1990,8,27,Nick Tropeano,8/27/90,NULL,NUL,P,76,200Trout,Mike,troutmi01,1991,8,7,Mike Trout,8/7/91,NULL,NUL,CF,74,230Trumbo,Mark,trumbma01,1986,1,16,Mark Trumbo,1/16/86,NULL,NUL,1B,76,235Tuivailala,Sam,tuivasa01,1992,10,19,Sam Tuivailala,10/19/92,NULL,NUL,P,75,195Tulowitzki,Troy,tulowtr01,1984,10,10,Troy Tulowitzki,10/10/84,NULL,NUL,SS,75,215Turner,Jacob,turneja01,1991,5,21,Jacob Turner,5/21/91,NULL,NUL,P,77,215Turner,Justin,turneju01,1984,11,23,Justin Turner,11/23/84,NULL,NUL,1B,72,210Uehara,Koji,ueharko01,1975,4,3,Koji Uehara,4/3/75,NULL,NUL,P,74,195Uggla,Dan,ugglada01,1980,3,11,Dan Uggla,3/11/80,NULL,NUL,2B,71,210Upton,B. J.,uptonbj01,1984,8,21,B. J. Upton,8/21/84,NULL,NUL,CF,75,185Upton,Justin,uptonju01,1987,8,25,Justin Upton,8/25/87,NULL,NUL,LF,74,205Uribe,Juan,uribeju01,1979,3,22,Juan Uribe,3/22/79,NULL,NUL,3B,72,235Utley,Chase,utleych01,1978,12,17,Chase Utley,12/17/78,NULL,NUL,1B,73,200Valaika,Chris,valaich01,1985,8,14,Chris Valaika,8/14/85,NULL,NUL,1B,71,205Valbuena,Luis,valbulu01,1985,11,30,Luis Valbuena,11/30/85,NULL,NUL,2B,70,200Valdespin,Jordany,valdejo02,1987,12,23,Jordany Valdespin,12/23/87,NULL,NUL,2B,72,190Valdes,Raul,valdera02,1977,11,27,Raul Valdes,11/27/77,NULL,NUL,P,71,190Valencia,Danny,valenda01,1984,9,19,Danny Valencia,9/19/84,NULL,NUL,2B,74,220Valverde,Jose,valvejo01,1978,3,24,Jose Valverde,3/24/78,NULL,NUL,P,76,265Van Slyke,Scott,vanslsc01,1986,7,24,Scott Van Slyke,7/24/86,NULL,NUL,1B,77,220Vargas,Jason,vargaja01,1983,2,2,Jason Vargas,2/2/83,NULL,NUL,P,72,215Vargas,Kennys,vargake01,1990,8,1,Kennys Vargas,8/1/90,NULL,NUL,1B,77,275Varvaro,Anthony,varvaan01,1984,10,31,Anthony Varvaro,10/31/84,NULL,NUL,P,72,190Vazquez,Christian,vazquch01,1990,8,21,Christian Vazquez,8/21/90,NULL,NUL,C,69,195Veal,Donnie,vealdo01,1984,9,18,Donnie Veal,9/18/84,NULL,NUL,P,76,235Venable,Will,venabwi01,1982,10,29,Will Venable,10/29/82,NULL,NUL,CF,75,205Ventura,Yordano,ventuyo01,1991,6,3,Yordano Ventura,6/3/91,NULL,NUL,P,72,180Veras,Jose,verasjo01,1980,10,20,Jose Veras,10/20/80,NULL,NUL,P,78,240VerHagen,Drew,verhadr01,1990,10,22,Drew VerHagen,10/22/90,NULL,NUL,P,78,230Verlander,Justin,verlaju01,1983,2,20,Justin Verlander,2/20/83,NULL,NUL,P,77,225Viciedo,Dayan,vicieda01,1989,3,10,Dayan Viciedo,3/10/89,NULL,NUL,1B,71,240Victorino,Shane,victosh01,1980,11,30,Shane Victorino,11/30/80,NULL,NUL,OF,69,190Villanueva,Carlos,villaca01,1983,11,28,Carlos Villanueva,11/28/83,NULL,NUL,P,74,215Villar,Jonathan,villajo01,1991,5,2,Jonathan Villar,5/2/91,NULL,NUL,SS,73,205Villarreal,Pedro,villape01,1987,12,9,Pedro Villarreal,12/9/87,NULL,NUL,P,73,230Vincent,Nick,vinceni01,1986,7,12,Nick Vincent,7/12/86,NULL,NUL,P,71,180Vizcaino,Arodys,vizcaar01,1990,11,13,Arodys Vizcaino,11/13/90,NULL,NUL,P,72,190Vogelsong,Ryan,vogelry01,1977,7,22,Ryan Vogelsong,7/22/77,NULL,NUL,P,76,215Vogt,Stephen,vogtst01,1984,11,1,Stephen Vogt,11/1/84,NULL,NUL,1B,72,215Volquez,Edinson,volqued01,1983,7,3,Edinson Volquez,7/3/83,NULL,NUL,P,72,220Votto,Joey,vottojo01,1983,9,10,Joey Votto,9/10/83,NULL,NUL,1B,74,220Wacha,Michael,wachami01,1991,7,1,Michael Wacha,7/1/91,NULL,NUL,P,78,210Wada,Tsuyoshi,wadats01,1981,2,21,Tsuyoshi Wada,2/21/81,NULL,NUL,P,71,180Wagner,Neil,wagnene01,1984,1,1,Neil Wagner,1/1/84,NULL,NUL,P,72,215Wainwright,Adam,wainwad01,1981,8,30,Adam Wainwright,8/30/81,NULL,NUL,P,79,235Walden,Jordan,waldejo01,1987,11,16,Jordan Walden,11/16/87,NULL,NUL,P,77,250Walker,Christian,walkech02,1991,3,28,Christian Walker,3/28/91,NULL,NUL,1B,72,220Walker,Neil,walkene01,1985,9,10,Neil Walker,9/10/85,NULL,NUL,2B,75,210Walker,Taijuan,walketa01,1992,8,13,Taijuan Walker,8/13/92,NULL,NUL,P,76,230Wall,Josh,walljo02,1987,1,21,Josh Wall,1/21/87,NULL,NUL,P,78,215Walters,Zach,walteza01,1989,9,5,Zach Walters,9/5/89,NULL,NUL,2B,74,210Wang,Wei-Chung,wangwe01,1992,4,25,Wei-Chung Wang,4/25/92,NULL,NUL,P,73,180Warren,Adam,warread01,1987,8,25,Adam Warren,8/25/87,NULL,NUL,P,73,200Watkins,Logan,watkilo01,1989,8,29,Logan Watkins,8/29/89,NULL,NUL,2B,71,195Watson,Tony,watsoto01,1985,5,30,Tony Watson,5/30/85,NULL,NUL,P,76,225Weaver,Jered,weaveje02,1982,10,4,Jered Weaver,10/4/82,NULL,NUL,P,79,210Webb,Daniel,webbda01,1989,8,18,Daniel Webb,8/18/89,NULL,NUL,P,75,215Webb,Ryan,webbry01,1986,2,5,Ryan Webb,2/5/86,NULL,NUL,P,78,245Webster,Allen,webstal01,1990,2,10,Allen Webster,2/10/90,NULL,NUL,P,74,190Weeks,Jemile,weeksje01,1987,1,26,Jemile Weeks,1/26/87,NULL,NUL,2B,69,165Weeks,Rickie,weeksri01,1982,9,13,Rickie Weeks,9/13/82,NULL,NUL,2B,70,220Werth,Jayson,werthja01,1979,5,20,Jayson Werth,5/20/79,NULL,NUL,OF,77,240West,Matt,westma03,1988,11,21,Matt West,11/21/88,NULL,NUL,P,73,200Wheeler,Ryan,wheelry01,1988,7,10,Ryan Wheeler,7/10/88,NULL,NUL,1B,75,235Wheeler,Zach,wheelza01,1990,5,30,Zach Wheeler,5/30/90,NULL,NUL,P,76,195Wheeler,Zelous,wheelze01,1987,1,16,Zelous Wheeler,1/16/87,NULL,NUL,3B,70,220Whelan,Kevin,whelake01,1984,1,8,Kevin Whelan,1/8/84,NULL,NUL,P,71,205Whiteside,Eli,whiteel03,1979,10,22,Eli Whiteside,10/22/79,NULL,NUL,C,74,220Whitley,Chase,whitlch01,1989,6,14,Chase Whitley,6/14/89,NULL,NUL,P,75,215Wieland,Joe,wielajo01,1990,1,21,Joe Wieland,1/21/90,NULL,NUL,P,75,210Wieters,Matt,wietema01,1986,5,21,Matt Wieters,5/21/86,NULL,NUL,C,77,240Wilhelmsen,Tom,wilheto01,1983,12,16,Tom Wilhelmsen,12/16/83,NULL,NUL,P,78,220Wilkins,Andy,wilkian01,1988,9,13,Andy Wilkins,9/13/88,NULL,NUL,1B,73,220Williams,Jackson,willija01,1986,5,14,Jackson Williams,5/14/86,NULL,NUL,C,71,200Williams,Jerome,willije02,1981,12,4,Jerome Williams,12/4/81,NULL,NUL,P,75,240Willingham,Josh,willijo03,1979,2,17,Josh Willingham,2/17/79,NULL,NUL,LF,74,230Wilson,Alex,wilsoal01,1986,11,3,Alex Wilson,11/3/86,NULL,NUL,P,72,215Wilson,Bobby,wilsobo02,1983,4,8,Bobby Wilson,4/8/83,NULL,NUL,C,72,220Wilson,Brian,wilsobr01,1982,3,16,Brian Wilson,3/16/82,NULL,NUL,P,73,205Wilson,C. J.,wilsocj01,1980,11,18,C. J. Wilson,11/18/80,NULL,NUL,P,73,210Wilson,Josh,wilsojo03,1981,3,26,Josh Wilson,3/26/81,NULL,NUL,2B,72,175Wilson,Justin,wilsoju10,1987,8,18,Justin Wilson,8/18/87,NULL,NUL,P,74,205Withrow,Chris,withrch01,1989,4,1,Chris Withrow,4/1/89,NULL,NUL,P,76,215Wolf,Randy,wolfra02,1976,8,22,Randy Wolf,8/22/76,NULL,NUL,P,72,205Wong,Kolten,wongko01,1990,10,10,Kolten Wong,10/10/90,NULL,NUL,2B,69,185Wood,Alex,woodal02,1991,1,12,Alex Wood,1/12/91,NULL,NUL,P,76,215Wood,Blake,woodbl01,1985,8,8,Blake Wood,8/8/85,NULL,NUL,P,77,240Wood,Travis,woodtr01,1987,2,6,Travis Wood,2/6/87,NULL,NUL,P,71,175Wooten,Rob,wootero01,1985,7,21,Rob Wooten,7/21/85,NULL,NUL,P,73,195Workman,Brandon,workmbr01,1988,8,13,Brandon Workman,8/13/88,NULL,NUL,P,77,225Worley,Vance,worleva01,1987,9,25,Vance Worley,9/25/87,NULL,NUL,P,74,230Worth,Danny,worthda01,1985,9,30,Danny Worth,9/30/85,NULL,NUL,1B,73,185Wright,David,wrighda03,1982,12,20,David Wright,12/20/82,NULL,NUL,3B,72,205Wright,Jamey,wrighja01,1974,12,24,Jamey Wright,12/24/74,NULL,NUL,P,78,240Wright,Steven,wrighst01,1984,8,30,Steven Wright,8/30/84,NULL,NUL,P,73,220Wright,Wesley,wrighwe01,1985,1,28,Wesley Wright,1/28/85,NULL,NUL,P,71,185Yates,Kirby,yateski01,1987,3,25,Kirby Yates,3/25/87,NULL,NUL,P,70,195Yelich,Christian,yelicch01,1991,12,5,Christian Yelich,12/5/91,NULL,NUL,CF,75,200Ynoa,Rafael,ynoara01,1987,8,7,Rafael Ynoa,8/7/87,NULL,NUL,2B,72,185Young,Chris,youngch03,1979,5,25,Chris Young,5/25/79,NULL,NUL,P,82,255Young,Chris,youngch04,1983,9,5,Chris Young,9/5/83,NULL,NUL,CF,74,200Young,Delmon,youngde03,1985,9,14,Delmon Young,9/14/85,NULL,NUL,LF,75,240Young,Eric,younger03,1985,5,25,Eric Young,5/25/85,NULL,NUL,2B,70,195Zeid,Josh,zeidjo01,1987,3,24,Josh Zeid,3/24/87,NULL,NUL,P,76,235Ziegler,Brad,zieglbr01,1979,10,10,Brad Ziegler,10/10/79,NULL,NUL,P,76,210Zimmermann,Jordan,zimmejo02,1986,5,23,Jordan Zimmermann,5/23/86,NULL,NUL,P,74,220Zimmerman,Ryan,zimmery01,1984,9,28,Ryan Zimmerman,9/28/84,NULL,NUL,1B,75,220Zobrist,Ben,zobribe01,1981,5,26,Ben Zobrist,5/26/81,NULL,NUL,2B,75,210Zunino,Mike,zuninmi01,1991,3,25,Mike Zunino,3/25/91,NULL,NUL,C,74,220